{'Clndrs': 4, 'Volume': 97, 'HpX': 52, 'Model': 82}, {'Clndrs': 4, 'Volume': 97, 'HpX': 52, 'Model': 82}, {'Clndrs': 4, 'Volume': 97, 'HpX': 52, 'Model': 82}, {'Clndrs': 4, 'Volume': 97, 'HpX': 52, 'Model': 82}, {'Clndrs': 4, 'Volume': 97, 'HpX': 52, 'Model': 82}, {'Clndrs': 4, 'Volume': 97, 'HpX': 52, 'Model': 82}, {'Clndrs': 4, 'Volume': 97, 'HpX': 52, 'Model': 82}, {'Clndrs': 4, 'Volume': 97, 'HpX': 52, 'Model': 82}, {'Clndrs': 4, 'Volume': 72, 'HpX': 69, 'Model': 71}, {'Clndrs': 4, 'Volume': 97, 'HpX': 52, 'Model': 82}, {'Clndrs': 4, 'Volume': 90, 'HpX': 48, 'Model': 80}, {'Clndrs': 4, 'Volume': 97, 'HpX': 52, 'Model': 82}, {'Clndrs': 4, 'Volume': 97, 'HpX': 52, 'Model': 82}, {'Clndrs': 4, 'Volume': 97, 'HpX': 52, 'Model': 82}, {'Clndrs': 4, 'Volume': 97, 'HpX': 52, 'Model': 82}, {'Clndrs': 4, 'Volume': 97, 'HpX': 52, 'Model': 82}, {'Clndrs': 4, 'Volume': 90, 'HpX': 48, 'Model': 80}, {'Clndrs': 4, 'Volume': 97, 'HpX': 52, 'Model': 82}, {'Clndrs': 4, 'Volume': 97, 'HpX': 52, 'Model': 82}, {'Clndrs': 4, 'Volume': 97, 'HpX': 52, 'Model': 82}
0.16745989117220034, 0.16745989117220034, 0.16745989117220034, 0.16745989117220034, 0.16745989117220034, 0.16745989117220034, 0.16745989117220034, 0.16745989117220034, 0.27467083302654305, 0.16745989117220034, 0.1953271683565468, 0.16745989117220034, 0.16745989117220034, 0.16745989117220034, 0.16745989117220034, 0.16745989117220034, 0.1953271683565468, 0.16745989117220034, 0.16745989117220034, 0.16745989117220034
0.07687878608703613, 0.0724647045135498, 0.07961678504943848, 0.09820103645324707, 0.07450461387634277, 0.08471035957336426, 0.0864713191986084, 0.0673975944519043, 0.07445144653320312, 0.07610583305358887, 0.09022307395935059, 0.08617544174194336, 0.08558177947998047, 0.09240245819091797, 0.08732271194458008, 0.0932915210723877, 0.07415914535522461, 0.0760502815246582, 0.08816671371459961, 0.0863807201385498