{'Clndrs': 4, 'Volume': 97, 'HpX': 52, 'Model': 82}, {'Clndrs': 4, 'Volume': 97, 'HpX': 52, 'Model': 82}, {'Clndrs': 4, 'Volume': 97, 'HpX': 52, 'Model': 82}, {'Clndrs': 4, 'Volume': 91, 'HpX': 68, 'Model': 82}, {'Clndrs': 4, 'Volume': 97, 'HpX': 52, 'Model': 82}, {'Clndrs': 4, 'Volume': 91, 'HpX': 68, 'Model': 82}, {'Clndrs': 4, 'Volume': 91, 'HpX': 68, 'Model': 82}, {'Clndrs': 4, 'Volume': 97, 'HpX': 52, 'Model': 82}, {'Clndrs': 4, 'Volume': 71, 'HpX': 65, 'Model': 74}, {'Clndrs': 4, 'Volume': 91, 'HpX': 67, 'Model': 82}, {'Clndrs': 4, 'Volume': 71, 'HpX': 65, 'Model': 74}, {'Clndrs': 4, 'Volume': 97, 'HpX': 52, 'Model': 82}, {'Clndrs': 4, 'Volume': 98, 'HpX': 70, 'Model': 82}, {'Clndrs': 4, 'Volume': 79, 'HpX': 58, 'Model': 81}, {'Clndrs': 4, 'Volume': 91, 'HpX': 68, 'Model': 82}, {'Clndrs': 4, 'Volume': 91, 'HpX': 70, 'Model': 71}, {'Clndrs': 4, 'Volume': 91, 'HpX': 68, 'Model': 82}, {'Clndrs': 4, 'Volume': 97, 'HpX': 52, 'Model': 82}, {'Clndrs': 4, 'Volume': 91, 'HpX': 68, 'Model': 82}, {'Clndrs': 4, 'Volume': 97, 'HpX': 52, 'Model': 82}
0.16745989117220034, 0.16745989117220034, 0.16745989117220034, 0.27717746903880663, 0.16745989117220034, 0.27717746903880663, 0.27717746903880663, 0.16745989117220034, 0.31893558735463295, 0.33480191451293767, 0.31893558735463295, 0.16745989117220034, 0.3070676349313442, 0.30835304541281605, 0.27717746903880663, 0.32909678259718966, 0.27717746903880663, 0.16745989117220034, 0.27717746903880663, 0.16745989117220034
0.019840240478515625, 0.022614240646362305, 0.020231962203979492, 0.05907177925109863, 0.06665468215942383, 0.025538206100463867, 0.06930375099182129, 0.06424808502197266, 0.01643085479736328, 0.016448497772216797, 0.019843101501464844, 0.02044677734375, 0.019243955612182617, 0.0188753604888916, 0.0220797061920166, 0.02071237564086914, 0.015719175338745117, 0.023035287857055664, 0.015869140625, 0.023869991302490234