{'Clndrs': 4, 'Volume': 96, 'HpX': 69, 'Model': 72}, {'Clndrs': 4, 'Volume': 135, 'HpX': 84, 'Model': 81}, {'Clndrs': 4, 'Volume': 85, 'HpX': '?', 'Model': 80}, {'Clndrs': 4, 'Volume': 151, 'HpX': 90, 'Model': 82}, {'Clndrs': 4, 'Volume': 91, 'HpX': 53, 'Model': 75}, {'Clndrs': 4, 'Volume': 85, 'HpX': 65, 'Model': 81}, {'Clndrs': 4, 'Volume': 98, 'HpX': 70, 'Model': 82}, {'Clndrs': 4, 'Volume': 91, 'HpX': 60, 'Model': 78}, {'Clndrs': 4, 'Volume': 71, 'HpX': 65, 'Model': 74}, {'Clndrs': 4, 'Volume': 97, 'HpX': 88, 'Model': 71}, {'Clndrs': 4, 'Volume': 71, 'HpX': 65, 'Model': 74}, {'Clndrs': 4, 'Volume': 97, 'HpX': 52, 'Model': 82}, {'Clndrs': 4, 'Volume': 120, 'HpX': 79, 'Model': 82}, {'Clndrs': 4, 'Volume': 81, 'HpX': 60, 'Model': 81}, {'Clndrs': 4, 'Volume': 91, 'HpX': 70, 'Model': 71}, {'Clndrs': 4, 'Volume': 79, 'HpX': 58, 'Model': 81}, {'Clndrs': 4, 'Volume': 97, 'HpX': 52, 'Model': 82}, {'Clndrs': 4, 'Volume': 90, 'HpX': 48, 'Model': 78}, {'Clndrs': 4, 'Volume': 79, 'HpX': 58, 'Model': 81}, {'Clndrs': 4, 'Volume': 98, 'HpX': 65, 'Model': 81}
0.38318962973904497, 0.44915892314250055, 0.29763528690258184, 0.4445960177619976, 0.38361165259272406, 0.24245318422143294, 0.3070676349313442, 0.3241969946908646, 0.31893558735463295, 0.46453291705154875, 0.31893558735463295, 0.16745989117220034, 0.3951896703769151, 0.33287290674162356, 0.32909678259718966, 0.30835304541281605, 0.16745989117220034, 0.1933981573235283, 0.30835304541281605, 0.3448914723600365
0.01384878158569336, 0.014247417449951172, 0.022557497024536133, 0.023993968963623047, 0.018186330795288086, 0.01866888999938965, 0.021269559860229492, 0.017854928970336914, 0.012755393981933594, 0.009420156478881836, 0.017838001251220703, 0.014473676681518555, 0.011362314224243164, 0.013600826263427734, 0.010903596878051758, 0.011740684509277344, 0.012321233749389648, 0.011128664016723633, 0.011330842971801758, 0.010337352752685547