{'Clndrs': 4, 'Volume': 97, 'HpX': 52, 'Model': 82}, {'Clndrs': 4, 'Volume': 97, 'HpX': 52, 'Model': 82}, {'Clndrs': 4, 'Volume': 97, 'HpX': 52, 'Model': 82}, {'Clndrs': 4, 'Volume': 91, 'HpX': 68, 'Model': 82}, {'Clndrs': 4, 'Volume': 97, 'HpX': 52, 'Model': 82}, {'Clndrs': 4, 'Volume': 97, 'HpX': 52, 'Model': 82}, {'Clndrs': 4, 'Volume': 91, 'HpX': 68, 'Model': 82}, {'Clndrs': 4, 'Volume': 97, 'HpX': 52, 'Model': 82}, {'Clndrs': 4, 'Volume': 85, 'HpX': 65, 'Model': 81}, {'Clndrs': 4, 'Volume': 72, 'HpX': 69, 'Model': 71}, {'Clndrs': 4, 'Volume': 91, 'HpX': 68, 'Model': 82}, {'Clndrs': 4, 'Volume': 97, 'HpX': 52, 'Model': 82}, {'Clndrs': 4, 'Volume': 98, 'HpX': 70, 'Model': 82}, {'Clndrs': 4, 'Volume': 85, 'HpX': 65, 'Model': 81}, {'Clndrs': 4, 'Volume': 97, 'HpX': 52, 'Model': 82}, {'Clndrs': 4, 'Volume': 97, 'HpX': 52, 'Model': 82}, {'Clndrs': 4, 'Volume': 97, 'HpX': 52, 'Model': 82}, {'Clndrs': 4, 'Volume': 85, 'HpX': 65, 'Model': 81}, {'Clndrs': 4, 'Volume': 97, 'HpX': 52, 'Model': 82}, {'Clndrs': 4, 'Volume': 91, 'HpX': 68, 'Model': 82}
0.16745989117220034, 0.16745989117220034, 0.16745989117220034, 0.27717746903880663, 0.16745989117220034, 0.16745989117220034, 0.27717746903880663, 0.16745989117220034, 0.24245318422143294, 0.27467083302654305, 0.27717746903880663, 0.16745989117220034, 0.3070676349313442, 0.24245318422143294, 0.16745989117220034, 0.16745989117220034, 0.16745989117220034, 0.24245318422143294, 0.16745989117220034, 0.27717746903880663
0.026054859161376953, 0.026021242141723633, 0.028983354568481445, 0.029427528381347656, 0.02334308624267578, 0.025746822357177734, 0.032181501388549805, 0.027478456497192383, 0.023265361785888672, 0.02329540252685547, 0.024271011352539062, 0.025441646575927734, 0.02570509910583496, 0.030103206634521484, 0.02172255516052246, 0.027803421020507812, 0.023244142532348633, 0.02146291732788086, 0.025588274002075195, 0.0222930908203125