{'Spout_wait': 8, 'Spliters': 4, 'Counters': 17}, {'Spout_wait': 4, 'Spliters': 6, 'Counters': 10}, {'Spout_wait': 2, 'Spliters': 4, 'Counters': 17}, {'Spout_wait': 8, 'Spliters': 6, 'Counters': 18}, {'Spout_wait': 7, 'Spliters': 6, 'Counters': 17}, {'Spout_wait': 10, 'Spliters': 6, 'Counters': 17}, {'Spout_wait': 4, 'Spliters': 6, 'Counters': 18}, {'Spout_wait': 3, 'Spliters': 6, 'Counters': 18}, {'Spout_wait': 10, 'Spliters': 6, 'Counters': 18}, {'Spout_wait': 7, 'Spliters': 6, 'Counters': 17}, {'Spout_wait': 100, 'Spliters': 4, 'Counters': 17}, {'Spout_wait': 9, 'Spliters': 5, 'Counters': 11}, {'Spout_wait': 2, 'Spliters': 6, 'Counters': 17}, {'Spout_wait': 10, 'Spliters': 6, 'Counters': 12}, {'Spout_wait': 8, 'Spliters': 6, 'Counters': 18}, {'Spout_wait': 10, 'Spliters': 3, 'Counters': 17}, {'Spout_wait': 6, 'Spliters': 6, 'Counters': 18}, {'Spout_wait': 100, 'Spliters': 4, 'Counters': 18}, {'Spout_wait': 9, 'Spliters': 6, 'Counters': 15}, {'Spout_wait': 10, 'Spliters': 3, 'Counters': 18}
0.038135453597599345, 0.11161224463988031, 0.11614069380203706, 0.023408920605627135, 0.028103567214554905, 0.0007473637588413625, 0.0408853285508582, 0.056308475545063054, 0.02951134749036736, 0.028103567214554905, 0.08533787863612298, 0.12100768249173895, 0.0382641562686961, 0.05956159272021612, 0.023408920605627135, 0.039226072306484526, 0.0672273725534143, 0.08075541555367972, 0.05703678646842845, 0.06373979741961924
0.0439910888671875, 0.04819154739379883, 0.04694223403930664, 0.04701352119445801, 0.04147839546203613, 0.044362783432006836, 0.04969668388366699, 0.0512690544128418, 0.04401397705078125, 0.06160306930541992, 0.05531454086303711, 0.06309700012207031, 0.0708010196685791, 0.06686043739318848, 0.08255338668823242, 0.07156062126159668, 0.04335165023803711, 0.0427708625793457, 0.049484968185424805, 0.04150867462158203