{'Spout_wait': 10, 'Spliters': 6, 'Counters': 17}, {'Spout_wait': 10, 'Spliters': 6, 'Counters': 17}, {'Spout_wait': 10, 'Spliters': 6, 'Counters': 17}, {'Spout_wait': 10, 'Spliters': 6, 'Counters': 17}, {'Spout_wait': 10, 'Spliters': 6, 'Counters': 17}, {'Spout_wait': 10, 'Spliters': 6, 'Counters': 17}, {'Spout_wait': 10, 'Spliters': 6, 'Counters': 17}, {'Spout_wait': 10, 'Spliters': 6, 'Counters': 17}, {'Spout_wait': 10, 'Spliters': 6, 'Counters': 17}, {'Spout_wait': 10, 'Spliters': 6, 'Counters': 17}, {'Spout_wait': 10, 'Spliters': 6, 'Counters': 17}, {'Spout_wait': 10, 'Spliters': 6, 'Counters': 17}, {'Spout_wait': 10, 'Spliters': 6, 'Counters': 17}, {'Spout_wait': 10, 'Spliters': 6, 'Counters': 17}, {'Spout_wait': 10, 'Spliters': 6, 'Counters': 17}, {'Spout_wait': 10, 'Spliters': 6, 'Counters': 17}, {'Spout_wait': 10, 'Spliters': 6, 'Counters': 17}, {'Spout_wait': 10, 'Spliters': 6, 'Counters': 17}, {'Spout_wait': 10, 'Spliters': 6, 'Counters': 17}, {'Spout_wait': 10, 'Spliters': 6, 'Counters': 17}
0.0007473637588413625, 0.0007473637588413625, 0.0007473637588413625, 0.0007473637588413625, 0.0007473637588413625, 0.0007473637588413625, 0.0007473637588413625, 0.0007473637588413625, 0.0007473637588413625, 0.0007473637588413625, 0.0007473637588413625, 0.0007473637588413625, 0.0007473637588413625, 0.0007473637588413625, 0.0007473637588413625, 0.0007473637588413625, 0.0007473637588413625, 0.0007473637588413625, 0.0007473637588413625, 0.0007473637588413625
0.2404184341430664, 0.24043822288513184, 0.2769193649291992, 0.28381824493408203, 0.24533295631408691, 0.24747753143310547, 0.24395012855529785, 0.23689937591552734, 0.23984789848327637, 0.2516753673553467, 0.22671771049499512, 0.2648923397064209, 0.21075654029846191, 0.19825315475463867, 0.3184530735015869, 0.30663609504699707, 0.29876255989074707, 0.28409743309020996, 0.22642755508422852, 0.2073078155517578