{'Spout_wait': 2, 'Spliters': 4, 'Counters': 17}, {'Spout_wait': 4, 'Spliters': 6, 'Counters': 10}, {'Spout_wait': 10, 'Spliters': 2, 'Counters': 17}, {'Spout_wait': 8, 'Spliters': 4, 'Counters': 17}, {'Spout_wait': 10, 'Spliters': 6, 'Counters': 17}, {'Spout_wait': 1, 'Spliters': 5, 'Counters': 17}, {'Spout_wait': 7, 'Spliters': 4, 'Counters': 13}, {'Spout_wait': 8, 'Spliters': 5, 'Counters': 18}, {'Spout_wait': 2, 'Spliters': 5, 'Counters': 15}, {'Spout_wait': 9, 'Spliters': 5, 'Counters': 11}, {'Spout_wait': 6, 'Spliters': 4, 'Counters': 18}, {'Spout_wait': 100, 'Spliters': 6, 'Counters': 17}, {'Spout_wait': 100, 'Spliters': 3, 'Counters': 12}, {'Spout_wait': 7, 'Spliters': 5, 'Counters': 10}, {'Spout_wait': 10, 'Spliters': 3, 'Counters': 17}, {'Spout_wait': 8, 'Spliters': 2, 'Counters': 17}, {'Spout_wait': 9, 'Spliters': 6, 'Counters': 15}, {'Spout_wait': 4, 'Spliters': 3, 'Counters': 18}, {'Spout_wait': 5, 'Spliters': 6, 'Counters': 10}, {'Spout_wait': 10, 'Spliters': 3, 'Counters': 18}
0.11614069380203706, 0.11161224463988031, 0.0780298264410003, 0.038135453597599345, 0.0007473637588413625, 0.08331555174372429, 0.08593668512781016, 0.07722248905842, 0.11343711165684495, 0.12100768249173895, 0.09215494647517551, 0.0617309176186533, 0.0973930661465943, 0.14142081778619303, 0.039226072306484526, 0.11888580034755951, 0.05703678646842845, 0.08979103759176485, 0.09050672257254402, 0.06373979741961924
0.05084705352783203, 0.06093549728393555, 0.05395793914794922, 0.062042236328125, 0.029168367385864258, 0.033866167068481445, 0.03670191764831543, 0.03237795829772949, 0.03767895698547363, 0.02908921241760254, 0.032171010971069336, 0.03434348106384277, 0.02825021743774414, 0.03214454650878906, 0.03517460823059082, 0.04311227798461914, 0.03201746940612793, 0.03461003303527832, 0.03361797332763672, 0.03371715545654297