{'Spout_wait': 10, 'Spliters': 6, 'Counters': 17}, {'Spout_wait': 10, 'Spliters': 6, 'Counters': 17}, {'Spout_wait': 8, 'Spliters': 6, 'Counters': 18}, {'Spout_wait': 10, 'Spliters': 6, 'Counters': 17}, {'Spout_wait': 10, 'Spliters': 6, 'Counters': 17}, {'Spout_wait': 10, 'Spliters': 6, 'Counters': 17}, {'Spout_wait': 10, 'Spliters': 6, 'Counters': 17}, {'Spout_wait': 8, 'Spliters': 6, 'Counters': 18}, {'Spout_wait': 10, 'Spliters': 6, 'Counters': 17}, {'Spout_wait': 10, 'Spliters': 6, 'Counters': 17}, {'Spout_wait': 10, 'Spliters': 6, 'Counters': 17}, {'Spout_wait': 10, 'Spliters': 6, 'Counters': 17}, {'Spout_wait': 8, 'Spliters': 6, 'Counters': 17}, {'Spout_wait': 10, 'Spliters': 6, 'Counters': 17}, {'Spout_wait': 10, 'Spliters': 6, 'Counters': 17}, {'Spout_wait': 3, 'Spliters': 6, 'Counters': 17}, {'Spout_wait': 10, 'Spliters': 6, 'Counters': 17}, {'Spout_wait': 8, 'Spliters': 6, 'Counters': 17}, {'Spout_wait': 8, 'Spliters': 6, 'Counters': 18}, {'Spout_wait': 10, 'Spliters': 6, 'Counters': 17}
0.0007473637588413625, 0.0007473637588413625, 0.023408920605627135, 0.0007473637588413625, 0.0007473637588413625, 0.0007473637588413625, 0.0007473637588413625, 0.023408920605627135, 0.0007473637588413625, 0.0007473637588413625, 0.0007473637588413625, 0.0007473637588413625, 0.006111178207122468, 0.0007473637588413625, 0.0007473637588413625, 0.03156592076918641, 0.0007473637588413625, 0.006111178207122468, 0.023408920605627135, 0.0007473637588413625
0.1329021453857422, 0.13038420677185059, 0.14993643760681152, 0.15439081192016602, 0.1305537223815918, 0.12626028060913086, 0.13615870475769043, 0.12398552894592285, 0.1584300994873047, 0.14548397064208984, 0.14888978004455566, 0.16314339637756348, 0.12960219383239746, 0.12918591499328613, 0.15716075897216797, 0.15989422798156738, 0.1293199062347412, 0.10889911651611328, 0.13081908226013184, 0.12425875663757324