{'Spout_wait': 10, 'Spliters': 6, 'Counters': 17}, {'Spout_wait': 8, 'Spliters': 6, 'Counters': 18}, {'Spout_wait': 8, 'Spliters': 6, 'Counters': 18}, {'Spout_wait': 10, 'Spliters': 6, 'Counters': 17}, {'Spout_wait': 5, 'Spliters': 5, 'Counters': 17}, {'Spout_wait': 10, 'Spliters': 6, 'Counters': 17}, {'Spout_wait': 8, 'Spliters': 6, 'Counters': 18}, {'Spout_wait': 10, 'Spliters': 6, 'Counters': 17}, {'Spout_wait': 8, 'Spliters': 6, 'Counters': 18}, {'Spout_wait': 10, 'Spliters': 6, 'Counters': 17}, {'Spout_wait': 8, 'Spliters': 6, 'Counters': 18}, {'Spout_wait': 10, 'Spliters': 6, 'Counters': 17}, {'Spout_wait': 8, 'Spliters': 6, 'Counters': 16}, {'Spout_wait': 8, 'Spliters': 6, 'Counters': 18}, {'Spout_wait': 8, 'Spliters': 6, 'Counters': 17}, {'Spout_wait': 6, 'Spliters': 6, 'Counters': 17}, {'Spout_wait': 7, 'Spliters': 6, 'Counters': 17}, {'Spout_wait': 8, 'Spliters': 6, 'Counters': 18}, {'Spout_wait': 10, 'Spliters': 6, 'Counters': 17}, {'Spout_wait': 8, 'Spliters': 6, 'Counters': 18}
0.0007473637588413625, 0.023408920605627135, 0.023408920605627135, 0.0007473637588413625, 0.024147530214373027, 0.0007473637588413625, 0.023408920605627135, 0.0007473637588413625, 0.023408920605627135, 0.0007473637588413625, 0.023408920605627135, 0.0007473637588413625, 0.058868329738443005, 0.023408920605627135, 0.006111178207122468, 0.02559787725652472, 0.028103567214554905, 0.023408920605627135, 0.0007473637588413625, 0.023408920605627135
0.11117744445800781, 0.11239743232727051, 0.11864995956420898, 0.1246953010559082, 0.0865626335144043, 0.09595823287963867, 0.08015084266662598, 0.0909585952758789, 0.06773996353149414, 0.07601380348205566, 0.0716104507446289, 0.07838988304138184, 0.07695341110229492, 0.08831238746643066, 0.07282638549804688, 0.09910964965820312, 0.0689234733581543, 0.08595538139343262, 0.09509539604187012, 0.08157515525817871