{'Spout_wait': 4, 'Spliters': 6, 'Counters': 18}, {'Spout_wait': 10, 'Spliters': 6, 'Counters': 17}, {'Spout_wait': 10, 'Spliters': 6, 'Counters': 17}, {'Spout_wait': 8, 'Spliters': 6, 'Counters': 18}, {'Spout_wait': 4, 'Spliters': 6, 'Counters': 18}, {'Spout_wait': 10, 'Spliters': 6, 'Counters': 17}, {'Spout_wait': 10, 'Spliters': 6, 'Counters': 17}, {'Spout_wait': 8, 'Spliters': 6, 'Counters': 18}, {'Spout_wait': 10, 'Spliters': 6, 'Counters': 18}, {'Spout_wait': 10, 'Spliters': 6, 'Counters': 18}, {'Spout_wait': 8, 'Spliters': 6, 'Counters': 17}, {'Spout_wait': 10, 'Spliters': 6, 'Counters': 17}, {'Spout_wait': 8, 'Spliters': 6, 'Counters': 18}, {'Spout_wait': 2, 'Spliters': 6, 'Counters': 17}, {'Spout_wait': 10, 'Spliters': 6, 'Counters': 12}, {'Spout_wait': 8, 'Spliters': 6, 'Counters': 17}, {'Spout_wait': 10, 'Spliters': 6, 'Counters': 18}, {'Spout_wait': 10, 'Spliters': 6, 'Counters': 17}, {'Spout_wait': 8, 'Spliters': 6, 'Counters': 18}, {'Spout_wait': 2, 'Spliters': 6, 'Counters': 17}
0.0408853285508582, 0.0007473637588413625, 0.0007473637588413625, 0.023408920605627135, 0.0408853285508582, 0.0007473637588413625, 0.0007473637588413625, 0.023408920605627135, 0.02951134749036736, 0.02951134749036736, 0.006111178207122468, 0.0007473637588413625, 0.023408920605627135, 0.0382641562686961, 0.05956159272021612, 0.006111178207122468, 0.02951134749036736, 0.0007473637588413625, 0.023408920605627135, 0.0382641562686961
0.06300067901611328, 0.061012983322143555, 0.06464242935180664, 0.07219862937927246, 0.06886625289916992, 0.0717935562133789, 0.06983518600463867, 0.06524896621704102, 0.09901642799377441, 0.10138535499572754, 0.10898852348327637, 0.12779927253723145, 0.05640816688537598, 0.0601348876953125, 0.059053659439086914, 0.05016279220581055, 0.04741692543029785, 0.05565381050109863, 0.04819059371948242, 0.04972124099731445