{'Spout_wait': 8, 'Spliters': 6, 'Counters': 18}, {'Spout_wait': 8, 'Spliters': 6, 'Counters': 17}, {'Spout_wait': 100, 'Spliters': 6, 'Counters': 18}, {'Spout_wait': 7, 'Spliters': 6, 'Counters': 17}, {'Spout_wait': 4, 'Spliters': 6, 'Counters': 18}, {'Spout_wait': 10, 'Spliters': 6, 'Counters': 17}, {'Spout_wait': 10, 'Spliters': 6, 'Counters': 17}, {'Spout_wait': 3, 'Spliters': 6, 'Counters': 18}, {'Spout_wait': 8, 'Spliters': 6, 'Counters': 17}, {'Spout_wait': 10, 'Spliters': 6, 'Counters': 18}, {'Spout_wait': 4, 'Spliters': 6, 'Counters': 18}, {'Spout_wait': 10, 'Spliters': 6, 'Counters': 18}, {'Spout_wait': 2, 'Spliters': 6, 'Counters': 17}, {'Spout_wait': 8, 'Spliters': 6, 'Counters': 18}, {'Spout_wait': 10, 'Spliters': 6, 'Counters': 12}, {'Spout_wait': 8, 'Spliters': 6, 'Counters': 17}, {'Spout_wait': 100, 'Spliters': 4, 'Counters': 18}, {'Spout_wait': 8, 'Spliters': 6, 'Counters': 18}, {'Spout_wait': 9, 'Spliters': 6, 'Counters': 15}, {'Spout_wait': 3, 'Spliters': 6, 'Counters': 18}
0.023408920605627135, 0.006111178207122468, 0.08310206306355902, 0.028103567214554905, 0.0408853285508582, 0.0007473637588413625, 0.0007473637588413625, 0.056308475545063054, 0.006111178207122468, 0.02951134749036736, 0.0408853285508582, 0.02951134749036736, 0.0382641562686961, 0.023408920605627135, 0.05956159272021612, 0.006111178207122468, 0.08075541555367972, 0.023408920605627135, 0.05703678646842845, 0.056308475545063054
0.04544472694396973, 0.05721259117126465, 0.06561946868896484, 0.06946563720703125, 0.046270132064819336, 0.05307602882385254, 0.04941582679748535, 0.04468393325805664, 0.044924020767211914, 0.04107499122619629, 0.05150628089904785, 0.0592043399810791, 0.05619692802429199, 0.06694340705871582, 0.05703473091125488, 0.05872035026550293, 0.044779062271118164, 0.04027748107910156, 0.05266451835632324, 0.045510053634643555