{'Spout_wait': 4, 'Spliters': 6, 'Counters': 1}, {'Spout_wait': 2, 'Spliters': 6, 'Counters': 18}, {'Spout_wait': 4, 'Spliters': 6, 'Counters': 1}, {'Spout_wait': 6, 'Spliters': 6, 'Counters': 18}, {'Spout_wait': 3, 'Spliters': 6, 'Counters': 1}, {'Spout_wait': 2, 'Spliters': 6, 'Counters': 18}, {'Spout_wait': 5, 'Spliters': 6, 'Counters': 1}, {'Spout_wait': 1, 'Spliters': 6, 'Counters': 5}, {'Spout_wait': 3, 'Spliters': 6, 'Counters': 1}, {'Spout_wait': 2, 'Spliters': 6, 'Counters': 18}, {'Spout_wait': 3, 'Spliters': 6, 'Counters': 2}, {'Spout_wait': 5, 'Spliters': 2, 'Counters': 11}, {'Spout_wait': 5, 'Spliters': 6, 'Counters': 1}, {'Spout_wait': 6, 'Spliters': 6, 'Counters': 18}, {'Spout_wait': 2, 'Spliters': 6, 'Counters': 18}, {'Spout_wait': 2, 'Spliters': 6, 'Counters': 18}, {'Spout_wait': 2, 'Spliters': 6, 'Counters': 18}, {'Spout_wait': 4, 'Spliters': 6, 'Counters': 1}, {'Spout_wait': 6, 'Spliters': 6, 'Counters': 18}, {'Spout_wait': 2, 'Spliters': 3, 'Counters': 18}
0.06341415770644482, 0.05658818806113299, 0.06341415770644482, 0.06317483948161394, 0.060959206069921903, 0.05658818806113299, 0.06970230856181393, 0.0941341601188608, 0.060959206069921903, 0.05658818806113299, 0.0979656869990238, 0.171836910954719, 0.06970230856181393, 0.06317483948161394, 0.05658818806113299, 0.05658818806113299, 0.05658818806113299, 0.06341415770644482, 0.06317483948161394, 0.0973673252217666
0.09610652923583984, 0.1130828857421875, 0.11121201515197754, 0.11072969436645508, 0.08094930648803711, 0.07783365249633789, 0.08381986618041992, 0.1044316291809082, 0.09228348731994629, 0.08403539657592773, 0.08502793312072754, 0.0918283462524414, 0.08614778518676758, 0.10262179374694824, 0.10420989990234375, 0.11167073249816895, 0.09948992729187012, 0.08678531646728516, 0.0956885814666748, 0.09073424339294434