{'Spout_wait': 6, 'Spliters': 6, 'Counters': 18}, {'Spout_wait': 5, 'Spliters': 6, 'Counters': 14}, {'Spout_wait': 3, 'Spliters': 6, 'Counters': 1}, {'Spout_wait': 3, 'Spliters': 6, 'Counters': 1}, {'Spout_wait': 5, 'Spliters': 5, 'Counters': 1}, {'Spout_wait': 3, 'Spliters': 6, 'Counters': 1}, {'Spout_wait': 5, 'Spliters': 5, 'Counters': 1}, {'Spout_wait': 2, 'Spliters': 6, 'Counters': 18}, {'Spout_wait': 5, 'Spliters': 5, 'Counters': 1}, {'Spout_wait': 2, 'Spliters': 6, 'Counters': 18}, {'Spout_wait': 3, 'Spliters': 6, 'Counters': 1}, {'Spout_wait': 5, 'Spliters': 5, 'Counters': 1}, {'Spout_wait': 5, 'Spliters': 5, 'Counters': 1}, {'Spout_wait': 5, 'Spliters': 6, 'Counters': 14}, {'Spout_wait': 2, 'Spliters': 5, 'Counters': 14}, {'Spout_wait': 5, 'Spliters': 5, 'Counters': 1}, {'Spout_wait': 5, 'Spliters': 6, 'Counters': 16}, {'Spout_wait': 3, 'Spliters': 6, 'Counters': 1}, {'Spout_wait': 2, 'Spliters': 6, 'Counters': 18}, {'Spout_wait': 2, 'Spliters': 3, 'Counters': 18}
0.06317483948161394, 0.05053990568724741, 0.060959206069921903, 0.060959206069921903, 4.1023799471427126e-05, 0.060959206069921903, 4.1023799471427126e-05, 0.05658818806113299, 4.1023799471427126e-05, 0.05658818806113299, 0.060959206069921903, 4.1023799471427126e-05, 4.1023799471427126e-05, 0.05053990568724741, 0.04724666887988786, 4.1023799471427126e-05, 0.05281542808411359, 0.060959206069921903, 0.05658818806113299, 0.0973673252217666
0.22875356674194336, 0.23933863639831543, 0.264693021774292, 0.2688581943511963, 0.20868659019470215, 0.23039722442626953, 0.24840521812438965, 0.2663404941558838, 0.2318739891052246, 0.26557135581970215, 0.21376514434814453, 0.25666332244873047, 0.2463996410369873, 0.2730109691619873, 0.28113508224487305, 0.2982621192932129, 0.3011181354522705, 0.25332069396972656, 0.2518727779388428, 0.22730016708374023