{'Spout_wait': 6, 'Spliters': 6, 'Counters': 18}, {'Spout_wait': 2, 'Spliters': 3, 'Counters': 7}, {'Spout_wait': 2, 'Spliters': 6, 'Counters': 18}, {'Spout_wait': 4, 'Spliters': 3, 'Counters': 18}, {'Spout_wait': 1, 'Spliters': 5, 'Counters': 5}, {'Spout_wait': 2, 'Spliters': 4, 'Counters': 9}, {'Spout_wait': 1, 'Spliters': 6, 'Counters': 16}, {'Spout_wait': 2, 'Spliters': 6, 'Counters': 18}, {'Spout_wait': 3, 'Spliters': 6, 'Counters': 1}, {'Spout_wait': 4, 'Spliters': 2, 'Counters': 11}, {'Spout_wait': 2, 'Spliters': 6, 'Counters': 1}, {'Spout_wait': 5, 'Spliters': 2, 'Counters': 11}, {'Spout_wait': 5, 'Spliters': 6, 'Counters': 1}, {'Spout_wait': 6, 'Spliters': 6, 'Counters': 18}, {'Spout_wait': 1, 'Spliters': 6, 'Counters': 18}, {'Spout_wait': 4, 'Spliters': 6, 'Counters': 18}, {'Spout_wait': 6, 'Spliters': 5, 'Counters': 16}, {'Spout_wait': 1, 'Spliters': 6, 'Counters': 1}, {'Spout_wait': 6, 'Spliters': 6, 'Counters': 18}, {'Spout_wait': 7, 'Spliters': 2, 'Counters': 15}
0.06317483948161394, 0.11636221189459695, 0.05658818806113299, 0.06820537694265144, 0.12796075021594958, 0.10185846681893508, 0.08317541227496898, 0.05658818806113299, 0.060959206069921903, 0.12829064480913835, 0.1134152684351542, 0.171836910954719, 0.06970230856181393, 0.06317483948161394, 0.11443313994908144, 0.08832484495857186, 0.05874364051266883, 0.11828978072351128, 0.06317483948161394, 0.25598893308535425
0.07228541374206543, 0.07363367080688477, 0.08531928062438965, 0.09097766876220703, 0.060955047607421875, 0.06265997886657715, 0.05452728271484375, 0.052616119384765625, 0.06431007385253906, 0.0684354305267334, 0.07473611831665039, 0.06892752647399902, 0.03645181655883789, 0.050301313400268555, 0.04825997352600098, 0.05388140678405762, 0.04536867141723633, 0.0460362434387207, 0.04629015922546387, 0.04388093948364258