{'Spout_wait': 2, 'Spliters': 3, 'Counters': 7}, {'Spout_wait': 4, 'Spliters': 3, 'Counters': 18}, {'Spout_wait': 6, 'Spliters': 3, 'Counters': 11}, {'Spout_wait': 3, 'Spliters': 6, 'Counters': 8}, {'Spout_wait': 2, 'Spliters': 4, 'Counters': 9}, {'Spout_wait': 2, 'Spliters': 6, 'Counters': 18}, {'Spout_wait': 1, 'Spliters': 5, 'Counters': 5}, {'Spout_wait': 4, 'Spliters': 6, 'Counters': 18}, {'Spout_wait': 3, 'Spliters': 3, 'Counters': 2}, {'Spout_wait': 5, 'Spliters': 2, 'Counters': 11}, {'Spout_wait': 5, 'Spliters': 2, 'Counters': 7}, {'Spout_wait': 4, 'Spliters': 2, 'Counters': 11}, {'Spout_wait': 4, 'Spliters': 2, 'Counters': 10}, {'Spout_wait': 4, 'Spliters': 3, 'Counters': 13}, {'Spout_wait': 4, 'Spliters': 2, 'Counters': 1}, {'Spout_wait': 7, 'Spliters': 4, 'Counters': 9}, {'Spout_wait': 6, 'Spliters': 5, 'Counters': 16}, {'Spout_wait': 3, 'Spliters': 3, 'Counters': 16}, {'Spout_wait': 6, 'Spliters': 6, 'Counters': 18}, {'Spout_wait': 7, 'Spliters': 2, 'Counters': 15}
0.11636221189459695, 0.06820537694265144, 0.09622998060000917, 0.14305029494763805, 0.10185846681893508, 0.05658818806113299, 0.12796075021594958, 0.08832484495857186, 0.10209878044667084, 0.171836910954719, 0.1680522651612758, 0.12829064480913835, 0.16268666996845643, 0.10802622409850435, 0.18654531559461393, 0.22005996170762596, 0.05874364051266883, 0.12759502098315934, 0.06317483948161394, 0.25598893308535425
0.03730273246765137, 0.040789127349853516, 0.0453033447265625, 0.052809953689575195, 0.036220550537109375, 0.03592824935913086, 0.04143524169921875, 0.040184736251831055, 0.027614116668701172, 0.03054070472717285, 0.03642559051513672, 0.043268680572509766, 0.03240394592285156, 0.03854942321777344, 0.02972126007080078, 0.03942513465881348, 0.06234598159790039, 0.08311319351196289, 0.0858755111694336, 0.08696460723876953