{'Spout_wait': 6, 'Spliters': 6, 'Counters': 18}, {'Spout_wait': 1, 'Spliters': 6, 'Counters': 18}, {'Spout_wait': 2, 'Spliters': 6, 'Counters': 18}, {'Spout_wait': 4, 'Spliters': 3, 'Counters': 18}, {'Spout_wait': 4, 'Spliters': 6, 'Counters': 1}, {'Spout_wait': 1, 'Spliters': 6, 'Counters': 16}, {'Spout_wait': 1, 'Spliters': 5, 'Counters': 5}, {'Spout_wait': 2, 'Spliters': 6, 'Counters': 18}, {'Spout_wait': 5, 'Spliters': 2, 'Counters': 11}, {'Spout_wait': 4, 'Spliters': 2, 'Counters': 11}, {'Spout_wait': 3, 'Spliters': 6, 'Counters': 2}, {'Spout_wait': 3, 'Spliters': 6, 'Counters': 1}, {'Spout_wait': 5, 'Spliters': 6, 'Counters': 1}, {'Spout_wait': 2, 'Spliters': 6, 'Counters': 18}, {'Spout_wait': 6, 'Spliters': 6, 'Counters': 18}, {'Spout_wait': 4, 'Spliters': 6, 'Counters': 18}, {'Spout_wait': 2, 'Spliters': 6, 'Counters': 1}, {'Spout_wait': 6, 'Spliters': 6, 'Counters': 18}, {'Spout_wait': 6, 'Spliters': 5, 'Counters': 16}, {'Spout_wait': 6, 'Spliters': 6, 'Counters': 1}
0.06317483948161394, 0.11443313994908144, 0.05658818806113299, 0.06820537694265144, 0.06341415770644482, 0.08317541227496898, 0.12796075021594958, 0.05658818806113299, 0.171836910954719, 0.12829064480913835, 0.0979656869990238, 0.060959206069921903, 0.06970230856181393, 0.05658818806113299, 0.06317483948161394, 0.08832484495857186, 0.1134152684351542, 0.06317483948161394, 0.05874364051266883, 0.09772627701297365
0.07010793685913086, 0.06701779365539551, 0.0796506404876709, 0.07785558700561523, 0.052947044372558594, 0.05258512496948242, 0.05538344383239746, 0.05642986297607422, 0.044522762298583984, 0.0502781867980957, 0.05330991744995117, 0.06335735321044922, 0.04559922218322754, 0.04004216194152832, 0.04835176467895508, 0.05131077766418457, 0.04307842254638672, 0.049794912338256836, 0.05490446090698242, 0.054099321365356445