{'Spout_wait': 4, 'Spliters': 6, 'Counters': 1}, {'Spout_wait': 6, 'Spliters': 6, 'Counters': 18}, {'Spout_wait': 2, 'Spliters': 6, 'Counters': 18}, {'Spout_wait': 4, 'Spliters': 6, 'Counters': 1}, {'Spout_wait': 5, 'Spliters': 5, 'Counters': 1}, {'Spout_wait': 3, 'Spliters': 6, 'Counters': 1}, {'Spout_wait': 4, 'Spliters': 6, 'Counters': 6}, {'Spout_wait': 2, 'Spliters': 6, 'Counters': 18}, {'Spout_wait': 3, 'Spliters': 6, 'Counters': 1}, {'Spout_wait': 2, 'Spliters': 6, 'Counters': 18}, {'Spout_wait': 5, 'Spliters': 6, 'Counters': 2}, {'Spout_wait': 6, 'Spliters': 6, 'Counters': 1}, {'Spout_wait': 5, 'Spliters': 6, 'Counters': 1}, {'Spout_wait': 6, 'Spliters': 6, 'Counters': 18}, {'Spout_wait': 5, 'Spliters': 6, 'Counters': 16}, {'Spout_wait': 5, 'Spliters': 5, 'Counters': 1}, {'Spout_wait': 5, 'Spliters': 6, 'Counters': 16}, {'Spout_wait': 4, 'Spliters': 6, 'Counters': 1}, {'Spout_wait': 6, 'Spliters': 6, 'Counters': 18}, {'Spout_wait': 2, 'Spliters': 3, 'Counters': 18}
0.06341415770644482, 0.06317483948161394, 0.05658818806113299, 0.06341415770644482, 4.1023799471427126e-05, 0.060959206069921903, 0.07521118153173087, 0.05658818806113299, 0.060959206069921903, 0.05658818806113299, 0.08569007164386702, 0.09772627701297365, 0.06970230856181393, 0.06317483948161394, 0.05281542808411359, 4.1023799471427126e-05, 0.05281542808411359, 0.06341415770644482, 0.06317483948161394, 0.0973673252217666
2.4034290313720703, 2.4068422317504883, 2.406407594680786, 2.3983969688415527, 0.11073160171508789, 0.1439220905303955, 0.14151930809020996, 0.15580177307128906, 0.130584716796875, 0.11250567436218262, 0.13842129707336426, 0.13788604736328125, 0.13318300247192383, 0.13966083526611328, 0.13734173774719238, 0.13864684104919434, 0.13660168647766113, 0.12630295753479004, 0.10886764526367188, 0.1277456283569336