{'Spout_wait': 1, 'Spliters': 6, 'Counters': 18}, {'Spout_wait': 2, 'Spliters': 6, 'Counters': 18}, {'Spout_wait': 4, 'Spliters': 3, 'Counters': 18}, {'Spout_wait': 6, 'Spliters': 6, 'Counters': 18}, {'Spout_wait': 4, 'Spliters': 6, 'Counters': 1}, {'Spout_wait': 2, 'Spliters': 6, 'Counters': 4}, {'Spout_wait': 1, 'Spliters': 6, 'Counters': 16}, {'Spout_wait': 2, 'Spliters': 6, 'Counters': 18}, {'Spout_wait': 3, 'Spliters': 6, 'Counters': 1}, {'Spout_wait': 4, 'Spliters': 2, 'Counters': 11}, {'Spout_wait': 3, 'Spliters': 6, 'Counters': 2}, {'Spout_wait': 5, 'Spliters': 2, 'Counters': 11}, {'Spout_wait': 5, 'Spliters': 6, 'Counters': 1}, {'Spout_wait': 2, 'Spliters': 6, 'Counters': 18}, {'Spout_wait': 6, 'Spliters': 6, 'Counters': 18}, {'Spout_wait': 4, 'Spliters': 6, 'Counters': 18}, {'Spout_wait': 2, 'Spliters': 6, 'Counters': 18}, {'Spout_wait': 6, 'Spliters': 6, 'Counters': 1}, {'Spout_wait': 6, 'Spliters': 6, 'Counters': 18}, {'Spout_wait': 2, 'Spliters': 3, 'Counters': 18}
0.11443313994908144, 0.05658818806113299, 0.06820537694265144, 0.06317483948161394, 0.06341415770644482, 0.11179860763068547, 0.08317541227496898, 0.05658818806113299, 0.060959206069921903, 0.12829064480913835, 0.0979656869990238, 0.171836910954719, 0.06970230856181393, 0.05658818806113299, 0.06317483948161394, 0.08832484495857186, 0.05658818806113299, 0.09772627701297365, 0.06317483948161394, 0.0973673252217666
0.05889272689819336, 0.07089543342590332, 0.07109975814819336, 0.07000851631164551, 0.051738739013671875, 0.05125927925109863, 0.054357051849365234, 0.06703686714172363, 0.06411242485046387, 0.05654001235961914, 0.054701805114746094, 0.052658796310424805, 0.04493355751037598, 0.05247020721435547, 0.06179094314575195, 0.04659390449523926, 0.05471062660217285, 0.049280405044555664, 0.04900503158569336, 0.054205894470214844