{'Max_spout': 10, 'Spliters': 1, 'Counters': 15}, {'Max_spout': 1000000.0, 'Spliters': 6, 'Counters': 18}, {'Max_spout': 1000000.0, 'Spliters': 6, 'Counters': 1}, {'Max_spout': 1000, 'Spliters': 2, 'Counters': 15}, {'Max_spout': 1000, 'Spliters': 2, 'Counters': 9}, {'Max_spout': 10000, 'Spliters': 1, 'Counters': 6}, {'Max_spout': 1000000.0, 'Spliters': 6, 'Counters': 18}, {'Max_spout': 100, 'Spliters': 1, 'Counters': 9}, {'Max_spout': 1000000.0, 'Spliters': 6, 'Counters': 1}, {'Max_spout': 100000.0, 'Spliters': 6, 'Counters': 15}, {'Max_spout': 10000, 'Spliters': 2, 'Counters': 9}, {'Max_spout': 1000000.0, 'Spliters': 6, 'Counters': 18}, {'Max_spout': 100, 'Spliters': 6, 'Counters': 15}, {'Max_spout': 100, 'Spliters': 1, 'Counters': 18}, {'Max_spout': 1000000.0, 'Spliters': 6, 'Counters': 18}, {'Max_spout': 10, 'Spliters': 6, 'Counters': 12}, {'Max_spout': 1000, 'Spliters': 6, 'Counters': 9}, {'Max_spout': 1000, 'Spliters': 3, 'Counters': 9}, {'Max_spout': 1000, 'Spliters': 6, 'Counters': 6}, {'Max_spout': 100000.0, 'Spliters': 6, 'Counters': 1}
0.5693085898719589, 0.4445995944743984, 0.4035768335983531, 0.3689297604389507, 0.43088765988349514, 0.4149403078669555, 0.4445995944743984, 0.5392109665921642, 0.4035768335983531, 0.45608488937729025, 0.4083252000894198, 0.4445995944743984, 0.4817930394651002, 0.5224188332157975, 0.4445995944743984, 0.5291972759957461, 0.4567073576860187, 0.4905387254901873, 0.46102757153250495, 0.3984556230484778
0.018876075744628906, 0.019290924072265625, 0.0190732479095459, 0.026164770126342773, 0.011372804641723633, 0.010893821716308594, 0.016890525817871094, 0.01641702651977539, 0.01354360580444336, 0.011350154876708984, 0.01246953010559082, 0.012896060943603516, 0.011310577392578125, 0.013693809509277344, 0.014986515045166016, 0.019573688507080078, 0.009481668472290039, 0.013410568237304688, 0.010989904403686523, 0.008761405944824219