{'Max_spout': 1000000.0, 'Spliters': 6, 'Counters': 1}, {'Max_spout': 1000, 'Spliters': 2, 'Counters': 15}, {'Max_spout': 1000000.0, 'Spliters': 2, 'Counters': 18}, {'Max_spout': 1000000.0, 'Spliters': 1, 'Counters': 9}, {'Max_spout': 1000000.0, 'Spliters': 6, 'Counters': 1}, {'Max_spout': 1000000.0, 'Spliters': 1, 'Counters': 6}, {'Max_spout': 1000000.0, 'Spliters': 6, 'Counters': 1}, {'Max_spout': 100000.0, 'Spliters': 6, 'Counters': 1}, {'Max_spout': 1000000.0, 'Spliters': 6, 'Counters': 1}, {'Max_spout': 1000000.0, 'Spliters': 6, 'Counters': 1}, {'Max_spout': 1000000.0, 'Spliters': 6, 'Counters': 1}, {'Max_spout': 1000000.0, 'Spliters': 2, 'Counters': 18}, {'Max_spout': 1000000.0, 'Spliters': 6, 'Counters': 1}, {'Max_spout': 1000000.0, 'Spliters': 2, 'Counters': 18}, {'Max_spout': 1000000.0, 'Spliters': 2, 'Counters': 18}, {'Max_spout': 1000000.0, 'Spliters': 6, 'Counters': 1}, {'Max_spout': 1000000.0, 'Spliters': 6, 'Counters': 1}, {'Max_spout': 1000000.0, 'Spliters': 2, 'Counters': 18}, {'Max_spout': 1000000.0, 'Spliters': 6, 'Counters': 1}, {'Max_spout': 100000.0, 'Spliters': 6, 'Counters': 1}
0.4035768335983531, 0.3689297604389507, 0.3164259069728935, 0.32012653299473015, 0.4035768335983531, 0.36846990554864756, 0.4035768335983531, 0.3984556230484778, 0.4035768335983531, 0.4035768335983531, 0.4035768335983531, 0.3164259069728935, 0.4035768335983531, 0.3164259069728935, 0.3164259069728935, 0.4035768335983531, 0.4035768335983531, 0.3164259069728935, 0.4035768335983531, 0.3984556230484778
0.05711770057678223, 0.06117415428161621, 0.054500579833984375, 0.06737279891967773, 0.030334949493408203, 0.026590585708618164, 0.03840041160583496, 0.03497052192687988, 0.02975916862487793, 0.03158378601074219, 0.03623628616333008, 0.03818655014038086, 0.03405284881591797, 0.0355679988861084, 0.0295560359954834, 0.02704167366027832, 0.022193431854248047, 0.03528332710266113, 0.02971196174621582, 0.027541637420654297