{'Max_spout': 1000000.0, 'Spliters': 6, 'Counters': 1}, {'Max_spout': 1000, 'Spliters': 2, 'Counters': 15}, {'Max_spout': 1000000.0, 'Spliters': 1, 'Counters': 9}, {'Max_spout': 1000000.0, 'Spliters': 2, 'Counters': 18}, {'Max_spout': 1000000.0, 'Spliters': 6, 'Counters': 1}, {'Max_spout': 1000000.0, 'Spliters': 6, 'Counters': 1}, {'Max_spout': 1000000.0, 'Spliters': 6, 'Counters': 1}, {'Max_spout': 1000000.0, 'Spliters': 6, 'Counters': 1}, {'Max_spout': 1000000.0, 'Spliters': 6, 'Counters': 1}, {'Max_spout': 1000000.0, 'Spliters': 6, 'Counters': 1}, {'Max_spout': 1000000.0, 'Spliters': 6, 'Counters': 1}, {'Max_spout': 1000000.0, 'Spliters': 6, 'Counters': 1}, {'Max_spout': 1000000.0, 'Spliters': 2, 'Counters': 18}, {'Max_spout': 1000000.0, 'Spliters': 6, 'Counters': 1}, {'Max_spout': 1000000.0, 'Spliters': 6, 'Counters': 1}, {'Max_spout': 1000000.0, 'Spliters': 6, 'Counters': 1}, {'Max_spout': 1000000.0, 'Spliters': 6, 'Counters': 1}, {'Max_spout': 1000000.0, 'Spliters': 6, 'Counters': 1}, {'Max_spout': 100000.0, 'Spliters': 6, 'Counters': 1}, {'Max_spout': 1000000.0, 'Spliters': 6, 'Counters': 1}
0.4035768335983531, 0.3689297604389507, 0.32012653299473015, 0.3164259069728935, 0.4035768335983531, 0.4035768335983531, 0.4035768335983531, 0.4035768335983531, 0.4035768335983531, 0.4035768335983531, 0.4035768335983531, 0.4035768335983531, 0.3164259069728935, 0.4035768335983531, 0.4035768335983531, 0.4035768335983531, 0.4035768335983531, 0.4035768335983531, 0.3984556230484778, 0.4035768335983531
0.05277109146118164, 0.054680824279785156, 0.05366373062133789, 0.04752779006958008, 0.03460073471069336, 0.03336381912231445, 0.04097270965576172, 0.03959178924560547, 0.02221822738647461, 0.0290985107421875, 0.02924513816833496, 0.03497147560119629, 0.03443121910095215, 0.03635573387145996, 0.03432965278625488, 0.03518939018249512, 0.026125431060791016, 0.03847336769104004, 0.023466825485229492, 0.035594940185546875