{'Max_spout': 1000000.0, 'Spliters': 1, 'Counters': 6}, {'Max_spout': 1000000.0, 'Spliters': 2, 'Counters': 18}, {'Max_spout': 1000, 'Spliters': 2, 'Counters': 15}, {'Max_spout': 1000000.0, 'Spliters': 2, 'Counters': 18}, {'Max_spout': 1000000.0, 'Spliters': 1, 'Counters': 9}, {'Max_spout': 1000000.0, 'Spliters': 1, 'Counters': 9}, {'Max_spout': 1000000.0, 'Spliters': 2, 'Counters': 18}, {'Max_spout': 100000.0, 'Spliters': 6, 'Counters': 1}, {'Max_spout': 1000000.0, 'Spliters': 2, 'Counters': 18}, {'Max_spout': 1000000.0, 'Spliters': 2, 'Counters': 18}, {'Max_spout': 1000000.0, 'Spliters': 1, 'Counters': 9}, {'Max_spout': 1000000.0, 'Spliters': 2, 'Counters': 18}, {'Max_spout': 1000000.0, 'Spliters': 1, 'Counters': 9}, {'Max_spout': 1000000.0, 'Spliters': 2, 'Counters': 18}, {'Max_spout': 1000000.0, 'Spliters': 2, 'Counters': 18}, {'Max_spout': 1000000.0, 'Spliters': 2, 'Counters': 18}, {'Max_spout': 1000000.0, 'Spliters': 2, 'Counters': 18}, {'Max_spout': 1000000.0, 'Spliters': 1, 'Counters': 9}, {'Max_spout': 1000000.0, 'Spliters': 2, 'Counters': 18}, {'Max_spout': 100000.0, 'Spliters': 6, 'Counters': 1}
0.36846990554864756, 0.3164259069728935, 0.3689297604389507, 0.3164259069728935, 0.32012653299473015, 0.32012653299473015, 0.3164259069728935, 0.3984556230484778, 0.3164259069728935, 0.3164259069728935, 0.32012653299473015, 0.3164259069728935, 0.32012653299473015, 0.3164259069728935, 0.3164259069728935, 0.3164259069728935, 0.3164259069728935, 0.32012653299473015, 0.3164259069728935, 0.3984556230484778
0.06173229217529297, 0.05616950988769531, 0.06696510314941406, 0.06860089302062988, 0.04806995391845703, 0.04620718955993652, 0.06329488754272461, 0.05944514274597168, 0.055119991302490234, 0.05974388122558594, 0.05778193473815918, 0.06655693054199219, 0.05921173095703125, 0.05406522750854492, 0.057333946228027344, 0.057127952575683594, 0.05099129676818848, 0.05814862251281738, 0.05815291404724121, 0.06314897537231445