{'Max_spout': 1000000.0, 'Spliters': 6, 'Counters': 1}, {'Max_spout': 1000000.0, 'Spliters': 6, 'Counters': 1}, {'Max_spout': 1000, 'Spliters': 2, 'Counters': 15}, {'Max_spout': 1000000.0, 'Spliters': 2, 'Counters': 18}, {'Max_spout': 1000000.0, 'Spliters': 6, 'Counters': 1}, {'Max_spout': 1000000.0, 'Spliters': 6, 'Counters': 1}, {'Max_spout': 1000000.0, 'Spliters': 6, 'Counters': 1}, {'Max_spout': 1000000.0, 'Spliters': 6, 'Counters': 1}, {'Max_spout': 1000000.0, 'Spliters': 6, 'Counters': 1}, {'Max_spout': 1000000.0, 'Spliters': 6, 'Counters': 1}, {'Max_spout': 1000000.0, 'Spliters': 6, 'Counters': 1}, {'Max_spout': 1000000.0, 'Spliters': 6, 'Counters': 1}, {'Max_spout': 1000000.0, 'Spliters': 6, 'Counters': 1}, {'Max_spout': 1000000.0, 'Spliters': 6, 'Counters': 1}, {'Max_spout': 1000000.0, 'Spliters': 6, 'Counters': 1}, {'Max_spout': 1000000.0, 'Spliters': 6, 'Counters': 18}, {'Max_spout': 1000000.0, 'Spliters': 6, 'Counters': 1}, {'Max_spout': 1000000.0, 'Spliters': 6, 'Counters': 1}, {'Max_spout': 100000.0, 'Spliters': 6, 'Counters': 1}, {'Max_spout': 1000000.0, 'Spliters': 6, 'Counters': 1}
0.4035768335983531, 0.4035768335983531, 0.3689297604389507, 0.3164259069728935, 0.4035768335983531, 0.4035768335983531, 0.4035768335983531, 0.4035768335983531, 0.4035768335983531, 0.4035768335983531, 0.4035768335983531, 0.4035768335983531, 0.4035768335983531, 0.4035768335983531, 0.4035768335983531, 0.4445995944743984, 0.4035768335983531, 0.4035768335983531, 0.3984556230484778, 0.4035768335983531
0.018891572952270508, 0.014294147491455078, 0.02029895782470703, 0.021785974502563477, 0.034893035888671875, 0.04381275177001953, 0.049262285232543945, 0.06252193450927734, 0.02930164337158203, 0.03219008445739746, 0.024503469467163086, 0.021630048751831055, 0.022690296173095703, 0.015152931213378906, 0.015411376953125, 0.01592278480529785, 0.01717233657836914, 0.016368865966796875, 0.013674736022949219, 0.013471603393554688