{'Max_spout': 10000, 'Spliters': 2, 'Counters': 15}, {'Max_spout': 10000, 'Spliters': 2, 'Counters': 15}, {'Max_spout': 100000.0, 'Spliters': 2, 'Counters': 17}, {'Max_spout': 1000, 'Spliters': 5, 'Counters': 13}, {'Max_spout': 1000000.0, 'Spliters': 2, 'Counters': 12}, {'Max_spout': 10000, 'Spliters': 2, 'Counters': 15}, {'Max_spout': 1000000.0, 'Spliters': 2, 'Counters': 18}, {'Max_spout': 100000.0, 'Spliters': 2, 'Counters': 12}, {'Max_spout': 10000, 'Spliters': 2, 'Counters': 15}, {'Max_spout': 10000, 'Spliters': 2, 'Counters': 15}, {'Max_spout': 10000, 'Spliters': 2, 'Counters': 15}, {'Max_spout': 10000, 'Spliters': 2, 'Counters': 15}, {'Max_spout': 10000, 'Spliters': 2, 'Counters': 15}, {'Max_spout': 10000, 'Spliters': 2, 'Counters': 15}, {'Max_spout': 10000, 'Spliters': 2, 'Counters': 15}, {'Max_spout': 10000, 'Spliters': 2, 'Counters': 7}, {'Max_spout': 10000, 'Spliters': 2, 'Counters': 15}, {'Max_spout': 10000, 'Spliters': 2, 'Counters': 18}, {'Max_spout': 10000, 'Spliters': 2, 'Counters': 15}, {'Max_spout': 10000, 'Spliters': 2, 'Counters': 15}
0.12284324324612456, 0.12284324324612456, 0.1237196976788916, 0.2781926838540735, 0.1786348668501236, 0.12284324324612456, 0.13380251720146813, 0.14512965696185742, 0.12284324324612456, 0.12284324324612456, 0.12284324324612456, 0.12284324324612456, 0.12284324324612456, 0.12284324324612456, 0.12284324324612456, 0.227209103204168, 0.12284324324612456, 0.13646979561984277, 0.12284324324612456, 0.12284324324612456
0.20778894424438477, 0.21016550064086914, 0.29944682121276855, 0.31281256675720215, 0.2548215389251709, 0.27056002616882324, 0.2115318775177002, 0.24906373023986816, 0.23612523078918457, 0.2585020065307617, 0.24564862251281738, 0.2540547847747803, 0.21860527992248535, 0.21333718299865723, 0.23601126670837402, 0.3127598762512207, 0.2898533344268799, 0.29685115814208984, 0.2614741325378418, 0.21610140800476074