{'Max_spout': 1000000.0, 'Spliters': 2, 'Counters': 18}, {'Max_spout': 10000, 'Spliters': 6, 'Counters': 1}, {'Max_spout': 100000.0, 'Spliters': 2, 'Counters': 17}, {'Max_spout': 100000.0, 'Spliters': 3, 'Counters': 2}, {'Max_spout': 10000, 'Spliters': 6, 'Counters': 1}, {'Max_spout': 10000, 'Spliters': 1, 'Counters': 4}, {'Max_spout': 1000000.0, 'Spliters': 6, 'Counters': 1}, {'Max_spout': 10000, 'Spliters': 1, 'Counters': 9}, {'Max_spout': 1000000.0, 'Spliters': 6, 'Counters': 1}, {'Max_spout': 1000000.0, 'Spliters': 3, 'Counters': 9}, {'Max_spout': 1000000.0, 'Spliters': 2, 'Counters': 16}, {'Max_spout': 1000, 'Spliters': 5, 'Counters': 15}, {'Max_spout': 10000, 'Spliters': 2, 'Counters': 16}, {'Max_spout': 10000, 'Spliters': 2, 'Counters': 11}, {'Max_spout': 1000000.0, 'Spliters': 2, 'Counters': 16}, {'Max_spout': 10000, 'Spliters': 6, 'Counters': 1}, {'Max_spout': 1000, 'Spliters': 1, 'Counters': 18}, {'Max_spout': 1000, 'Spliters': 1, 'Counters': 7}, {'Max_spout': 10000, 'Spliters': 1, 'Counters': 18}, {'Max_spout': 1000, 'Spliters': 3, 'Counters': 18}
0.13380251720146813, 0.3049403342160628, 0.1237196976788916, 0.2427553672104498, 0.3049403342160628, 0.24374303102488581, 0.31281164929133526, 0.24205134551675467, 0.31281164929133526, 0.28915452942880543, 0.19902882585866657, 0.28263706049534537, 0.18114052732309163, 0.17147007144779203, 0.19902882585866657, 0.3049403342160628, 0.21699195389798218, 0.2850163144846504, 0.2432461034191092, 0.26937457047760177
0.05390524864196777, 0.06097245216369629, 0.06462502479553223, 0.0659027099609375, 0.037851810455322266, 0.0475764274597168, 0.04351544380187988, 0.0421602725982666, 0.03857731819152832, 0.05044984817504883, 0.04478287696838379, 0.05239701271057129, 0.03791642189025879, 0.031038522720336914, 0.03219032287597656, 0.03417611122131348, 0.03877377510070801, 0.04014134407043457, 0.03430628776550293, 0.04449796676635742