{'Max_spout': 1000000.0, 'Spliters': 2, 'Counters': 18}, {'Max_spout': 1000000.0, 'Spliters': 2, 'Counters': 18}, {'Max_spout': 100000.0, 'Spliters': 3, 'Counters': 2}, {'Max_spout': 1000, 'Spliters': 4, 'Counters': 12}, {'Max_spout': 10000, 'Spliters': 1, 'Counters': 2}, {'Max_spout': 1000000.0, 'Spliters': 6, 'Counters': 1}, {'Max_spout': 100, 'Spliters': 2, 'Counters': 13}, {'Max_spout': 1000000.0, 'Spliters': 5, 'Counters': 18}, {'Max_spout': 1000000.0, 'Spliters': 3, 'Counters': 9}, {'Max_spout': 10000, 'Spliters': 3, 'Counters': 16}, {'Max_spout': 1000000.0, 'Spliters': 6, 'Counters': 1}, {'Max_spout': 1000000.0, 'Spliters': 3, 'Counters': 15}, {'Max_spout': 1000, 'Spliters': 1, 'Counters': 18}, {'Max_spout': 1000, 'Spliters': 3, 'Counters': 14}, {'Max_spout': 10000, 'Spliters': 2, 'Counters': 11}, {'Max_spout': 1000000.0, 'Spliters': 6, 'Counters': 1}, {'Max_spout': 1000, 'Spliters': 1, 'Counters': 7}, {'Max_spout': 1000, 'Spliters': 3, 'Counters': 18}, {'Max_spout': 1000, 'Spliters': 1, 'Counters': 18}, {'Max_spout': 10000, 'Spliters': 1, 'Counters': 18}
0.13380251720146813, 0.13380251720146813, 0.2427553672104498, 0.3158914336095729, 0.28759694333602737, 0.31281164929133526, 0.29682320601485335, 0.3157528812010744, 0.28915452942880543, 0.29215818524153964, 0.31281164929133526, 0.2761052592209492, 0.21699195389798218, 0.27100783026302744, 0.17147007144779203, 0.31281164929133526, 0.2850163144846504, 0.26937457047760177, 0.21699195389798218, 0.2432461034191092
0.03656148910522461, 0.046938180923461914, 0.048421382904052734, 0.04434323310852051, 0.03945207595825195, 0.04267477989196777, 0.04321146011352539, 0.048580169677734375, 0.04196333885192871, 0.03496122360229492, 0.039849042892456055, 0.04028797149658203, 0.03619742393493652, 0.04112839698791504, 0.037592411041259766, 0.04022383689880371, 0.038953542709350586, 0.04314017295837402, 0.03741788864135742, 0.03513383865356445