{'Max_spout': 100000.0, 'Spliters': 2, 'Counters': 17}, {'Max_spout': 10000, 'Spliters': 6, 'Counters': 1}, {'Max_spout': 100000.0, 'Spliters': 3, 'Counters': 2}, {'Max_spout': 100000.0, 'Spliters': 2, 'Counters': 17}, {'Max_spout': 10000, 'Spliters': 1, 'Counters': 4}, {'Max_spout': 1000000.0, 'Spliters': 2, 'Counters': 12}, {'Max_spout': 10000, 'Spliters': 6, 'Counters': 1}, {'Max_spout': 1000, 'Spliters': 4, 'Counters': 17}, {'Max_spout': 100000.0, 'Spliters': 2, 'Counters': 9}, {'Max_spout': 1000000.0, 'Spliters': 2, 'Counters': 18}, {'Max_spout': 1000000.0, 'Spliters': 6, 'Counters': 1}, {'Max_spout': 10000, 'Spliters': 2, 'Counters': 15}, {'Max_spout': 10000, 'Spliters': 2, 'Counters': 16}, {'Max_spout': 1000, 'Spliters': 1, 'Counters': 16}, {'Max_spout': 10000, 'Spliters': 2, 'Counters': 11}, {'Max_spout': 1000000.0, 'Spliters': 3, 'Counters': 2}, {'Max_spout': 1000, 'Spliters': 3, 'Counters': 18}, {'Max_spout': 10000, 'Spliters': 2, 'Counters': 15}, {'Max_spout': 1000, 'Spliters': 1, 'Counters': 7}, {'Max_spout': 10000, 'Spliters': 2, 'Counters': 17}
0.1237196976788916, 0.3049403342160628, 0.2427553672104498, 0.1237196976788916, 0.24374303102488581, 0.1786348668501236, 0.3049403342160628, 0.2673802716242708, 0.20799191559604002, 0.13380251720146813, 0.31281164929133526, 0.12284324324612456, 0.18114052732309163, 0.19199060033478188, 0.17147007144779203, 0.24188575533795414, 0.26937457047760177, 0.12284324324612456, 0.2850163144846504, 0.13361873109709846
0.0970454216003418, 0.08363914489746094, 0.10365819931030273, 0.10852789878845215, 0.05570721626281738, 0.06481361389160156, 0.07356739044189453, 0.07789158821105957, 0.06581854820251465, 0.05489015579223633, 0.06887507438659668, 0.08780622482299805, 0.0754995346069336, 0.07631182670593262, 0.07133746147155762, 0.07138991355895996, 0.06927037239074707, 0.06632661819458008, 0.0744931697845459, 0.06449437141418457