{'Max_spout': 100000.0, 'Spliters': 3, 'Counters': 2}, {'Max_spout': 1000000.0, 'Spliters': 2, 'Counters': 18}, {'Max_spout': 1000000.0, 'Spliters': 4, 'Counters': 7}, {'Max_spout': 1000, 'Spliters': 4, 'Counters': 12}, {'Max_spout': 100000.0, 'Spliters': 3, 'Counters': 6}, {'Max_spout': 1000000.0, 'Spliters': 6, 'Counters': 1}, {'Max_spout': 100, 'Spliters': 2, 'Counters': 13}, {'Max_spout': 1000000.0, 'Spliters': 5, 'Counters': 18}, {'Max_spout': 100, 'Spliters': 3, 'Counters': 11}, {'Max_spout': 10000, 'Spliters': 3, 'Counters': 16}, {'Max_spout': 1000000.0, 'Spliters': 6, 'Counters': 2}, {'Max_spout': 1000000.0, 'Spliters': 3, 'Counters': 18}, {'Max_spout': 1000, 'Spliters': 3, 'Counters': 14}, {'Max_spout': 1000, 'Spliters': 1, 'Counters': 18}, {'Max_spout': 10000, 'Spliters': 2, 'Counters': 11}, {'Max_spout': 1000000.0, 'Spliters': 6, 'Counters': 1}, {'Max_spout': 1000, 'Spliters': 1, 'Counters': 11}, {'Max_spout': 1000, 'Spliters': 1, 'Counters': 7}, {'Max_spout': 1000, 'Spliters': 3, 'Counters': 18}, {'Max_spout': 100, 'Spliters': 2, 'Counters': 18}
0.2427553672104498, 0.13380251720146813, 0.3091937793303609, 0.3158914336095729, 0.31779443852159295, 0.31281164929133526, 0.29682320601485335, 0.3157528812010744, 0.3177023636381934, 0.29215818524153964, 0.32312977282615724, 0.2942332091133377, 0.27100783026302744, 0.21699195389798218, 0.17147007144779203, 0.31281164929133526, 0.24193039619683002, 0.2850163144846504, 0.26937457047760177, 0.30724315375380046
0.03808093070983887, 0.03884434700012207, 0.043274879455566406, 0.03421902656555176, 0.03548860549926758, 0.03547930717468262, 0.03850364685058594, 0.04342937469482422, 0.029608726501464844, 0.02860879898071289, 0.025119304656982422, 0.02844381332397461, 0.03266143798828125, 0.03251791000366211, 0.03266024589538574, 0.02861618995666504, 0.02330636978149414, 0.030542373657226562, 0.03223395347595215, 0.030034542083740234