{'Max_spout': 10000, 'Spliters': 2, 'Counters': 15}, {'Max_spout': 10000, 'Spliters': 6, 'Counters': 1}, {'Max_spout': 10000, 'Spliters': 2, 'Counters': 6}, {'Max_spout': 10000, 'Spliters': 2, 'Counters': 15}, {'Max_spout': 10000, 'Spliters': 6, 'Counters': 1}, {'Max_spout': 10000, 'Spliters': 2, 'Counters': 17}, {'Max_spout': 10000, 'Spliters': 1, 'Counters': 4}, {'Max_spout': 100000.0, 'Spliters': 2, 'Counters': 12}, {'Max_spout': 10000, 'Spliters': 2, 'Counters': 15}, {'Max_spout': 100000.0, 'Spliters': 2, 'Counters': 17}, {'Max_spout': 1000, 'Spliters': 5, 'Counters': 18}, {'Max_spout': 10000, 'Spliters': 2, 'Counters': 15}, {'Max_spout': 10000, 'Spliters': 2, 'Counters': 15}, {'Max_spout': 10000, 'Spliters': 2, 'Counters': 11}, {'Max_spout': 1000, 'Spliters': 1, 'Counters': 16}, {'Max_spout': 1000000.0, 'Spliters': 3, 'Counters': 2}, {'Max_spout': 1000000.0, 'Spliters': 3, 'Counters': 2}, {'Max_spout': 1000, 'Spliters': 4, 'Counters': 17}, {'Max_spout': 10000, 'Spliters': 2, 'Counters': 15}, {'Max_spout': 10000, 'Spliters': 2, 'Counters': 15}
0.12284324324612456, 0.3049403342160628, 0.23922860390504025, 0.12284324324612456, 0.3049403342160628, 0.13361873109709846, 0.24374303102488581, 0.14512965696185742, 0.12284324324612456, 0.1237196976788916, 0.28123148254365576, 0.12284324324612456, 0.12284324324612456, 0.17147007144779203, 0.19199060033478188, 0.24188575533795414, 0.24188575533795414, 0.2673802716242708, 0.12284324324612456, 0.12284324324612456
0.1279439926147461, 0.12764549255371094, 0.14760565757751465, 0.14952611923217773, 0.09861207008361816, 0.10546994209289551, 0.11351490020751953, 0.14969205856323242, 0.10993266105651855, 0.12840819358825684, 0.1301560401916504, 0.12949800491333008, 0.12896180152893066, 0.11461186408996582, 0.14180779457092285, 0.13030576705932617, 0.1223294734954834, 0.13243317604064941, 0.12928557395935059, 0.1288461685180664