{'Max_spout': 100, 'Spliters': 6, 'Counters': 6}, {'Max_spout': 1000, 'Spliters': 4, 'Counters': 12}, {'Max_spout': 1000, 'Spliters': 1, 'Counters': 7}, {'Max_spout': 1000000.0, 'Spliters': 4, 'Counters': 7}, {'Max_spout': 100000.0, 'Spliters': 3, 'Counters': 6}, {'Max_spout': 1000000.0, 'Spliters': 5, 'Counters': 18}, {'Max_spout': 100, 'Spliters': 3, 'Counters': 12}, {'Max_spout': 100, 'Spliters': 2, 'Counters': 13}, {'Max_spout': 100, 'Spliters': 3, 'Counters': 11}, {'Max_spout': 1000, 'Spliters': 5, 'Counters': 14}, {'Max_spout': 10, 'Spliters': 1, 'Counters': 4}, {'Max_spout': 10, 'Spliters': 4, 'Counters': 13}, {'Max_spout': 1000, 'Spliters': 3, 'Counters': 14}, {'Max_spout': 100, 'Spliters': 2, 'Counters': 16}, {'Max_spout': 100, 'Spliters': 3, 'Counters': 12}, {'Max_spout': 1000, 'Spliters': 1, 'Counters': 2}, {'Max_spout': 1000, 'Spliters': 3, 'Counters': 18}, {'Max_spout': 100, 'Spliters': 2, 'Counters': 18}, {'Max_spout': 1000, 'Spliters': 1, 'Counters': 11}, {'Max_spout': 1000, 'Spliters': 1, 'Counters': 7}
0.3828918090668833, 0.3158914336095729, 0.2850163144846504, 0.3091937793303609, 0.31779443852159295, 0.3157528812010744, 0.3144515312734576, 0.29682320601485335, 0.3177023636381934, 0.29938598889620444, 0.5190185165885711, 0.5121477912631147, 0.27100783026302744, 0.2914915245038861, 0.3144515312734576, 0.3298606909856581, 0.26937457047760177, 0.30724315375380046, 0.24193039619683002, 0.2850163144846504
0.030567169189453125, 0.030756235122680664, 0.04009079933166504, 0.0408635139465332, 0.02316880226135254, 0.01977825164794922, 0.023757457733154297, 0.021728515625, 0.020722627639770508, 0.02054119110107422, 0.019366741180419922, 0.023802995681762695, 0.018814563751220703, 0.020047664642333984, 0.019251585006713867, 0.018856048583984375, 0.023586034774780273, 0.01887369155883789, 0.0219881534576416, 0.022634506225585938