{'Max_spout': 1000000.0, 'Spliters': 6, 'Counters': 18}, {'Max_spout': 1000000.0, 'Spliters': 6, 'Counters': 18}, {'Max_spout': 1000000.0, 'Spliters': 6, 'Counters': 18}, {'Max_spout': 1000, 'Spliters': 2, 'Counters': 15}, {'Max_spout': 1000000.0, 'Spliters': 6, 'Counters': 18}, {'Max_spout': 100, 'Spliters': 1, 'Counters': 9}, {'Max_spout': 1000, 'Spliters': 2, 'Counters': 9}, {'Max_spout': 1000000.0, 'Spliters': 6, 'Counters': 18}, {'Max_spout': 1000000.0, 'Spliters': 6, 'Counters': 18}, {'Max_spout': 1000000.0, 'Spliters': 6, 'Counters': 18}, {'Max_spout': 10000, 'Spliters': 2, 'Counters': 9}, {'Max_spout': 100, 'Spliters': 2, 'Counters': 18}, {'Max_spout': 1000000.0, 'Spliters': 6, 'Counters': 18}, {'Max_spout': 1000, 'Spliters': 6, 'Counters': 12}, {'Max_spout': 1000000.0, 'Spliters': 6, 'Counters': 18}, {'Max_spout': 1000000.0, 'Spliters': 6, 'Counters': 18}, {'Max_spout': 1000000.0, 'Spliters': 6, 'Counters': 18}, {'Max_spout': 1000000.0, 'Spliters': 6, 'Counters': 18}, {'Max_spout': 1000000.0, 'Spliters': 6, 'Counters': 18}, {'Max_spout': 1000000.0, 'Spliters': 6, 'Counters': 18}
0.45684852732534786, 0.45684852732534786, 0.45684852732534786, 0.3534006710681069, 0.45684852732534786, 0.51124092595886, 0.3843556979164898, 0.45684852732534786, 0.45684852732534786, 0.45684852732534786, 0.39158101576180454, 0.40079210255235836, 0.45684852732534786, 0.46453191791875453, 0.45684852732534786, 0.45684852732534786, 0.45684852732534786, 0.45684852732534786, 0.45684852732534786, 0.45684852732534786
0.01980113983154297, 0.02112722396850586, 0.027801513671875, 0.03206968307495117, 0.023751020431518555, 0.026036977767944336, 0.018988609313964844, 0.026654958724975586, 0.02007460594177246, 0.021235227584838867, 0.02329230308532715, 0.01950550079345703, 0.0189363956451416, 0.016715049743652344, 0.018206119537353516, 0.01647186279296875, 0.013784408569335938, 0.014266014099121094, 0.018735647201538086, 0.016903162002563477