{'Max_spout': 1000000.0, 'Spliters': 6, 'Counters': 12}, {'Max_spout': 1000, 'Spliters': 2, 'Counters': 15}, {'Max_spout': 1000000.0, 'Spliters': 6, 'Counters': 18}, {'Max_spout': 1000000.0, 'Spliters': 6, 'Counters': 12}, {'Max_spout': 1000000.0, 'Spliters': 6, 'Counters': 6}, {'Max_spout': 1000000.0, 'Spliters': 6, 'Counters': 12}, {'Max_spout': 10000, 'Spliters': 6, 'Counters': 18}, {'Max_spout': 1000, 'Spliters': 2, 'Counters': 9}, {'Max_spout': 1000000.0, 'Spliters': 6, 'Counters': 18}, {'Max_spout': 1000000.0, 'Spliters': 6, 'Counters': 18}, {'Max_spout': 10000, 'Spliters': 2, 'Counters': 9}, {'Max_spout': 100, 'Spliters': 2, 'Counters': 18}, {'Max_spout': 1000000.0, 'Spliters': 6, 'Counters': 12}, {'Max_spout': 1000000.0, 'Spliters': 6, 'Counters': 18}, {'Max_spout': 1000000.0, 'Spliters': 6, 'Counters': 12}, {'Max_spout': 1000000.0, 'Spliters': 6, 'Counters': 12}, {'Max_spout': 10000, 'Spliters': 6, 'Counters': 18}, {'Max_spout': 1000000.0, 'Spliters': 6, 'Counters': 18}, {'Max_spout': 1000000.0, 'Spliters': 6, 'Counters': 12}, {'Max_spout': 1000000.0, 'Spliters': 6, 'Counters': 12}
0.45132372310007496, 0.3534006710681069, 0.45684852732534786, 0.45132372310007496, 0.46070995666468245, 0.45132372310007496, 0.44750804325835974, 0.3843556979164898, 0.45684852732534786, 0.45684852732534786, 0.39158101576180454, 0.40079210255235836, 0.45132372310007496, 0.45684852732534786, 0.45132372310007496, 0.45132372310007496, 0.44750804325835974, 0.45684852732534786, 0.45132372310007496, 0.45132372310007496
0.026156902313232422, 0.027193546295166016, 0.029401302337646484, 0.027170896530151367, 0.026610374450683594, 0.028493404388427734, 0.03377676010131836, 0.032892704010009766, 0.01909923553466797, 0.023797273635864258, 0.02553415298461914, 0.02684640884399414, 0.023386716842651367, 0.029796361923217773, 0.026271820068359375, 0.02543497085571289, 0.029266357421875, 0.033658504486083984, 0.02394580841064453, 0.027211427688598633