{'Max_spout': 1000000.0, 'Spliters': 6, 'Counters': 12}, {'Max_spout': 1000, 'Spliters': 2, 'Counters': 15}, {'Max_spout': 1000000.0, 'Spliters': 6, 'Counters': 18}, {'Max_spout': 1000000.0, 'Spliters': 6, 'Counters': 12}, {'Max_spout': 1000000.0, 'Spliters': 6, 'Counters': 12}, {'Max_spout': 1000, 'Spliters': 2, 'Counters': 9}, {'Max_spout': 10000, 'Spliters': 6, 'Counters': 18}, {'Max_spout': 1000000.0, 'Spliters': 6, 'Counters': 6}, {'Max_spout': 1000000.0, 'Spliters': 6, 'Counters': 18}, {'Max_spout': 100, 'Spliters': 2, 'Counters': 18}, {'Max_spout': 10000, 'Spliters': 2, 'Counters': 9}, {'Max_spout': 1000000.0, 'Spliters': 6, 'Counters': 12}, {'Max_spout': 10000, 'Spliters': 6, 'Counters': 18}, {'Max_spout': 1000000.0, 'Spliters': 6, 'Counters': 12}, {'Max_spout': 10000, 'Spliters': 6, 'Counters': 18}, {'Max_spout': 1000000.0, 'Spliters': 6, 'Counters': 12}, {'Max_spout': 10000, 'Spliters': 6, 'Counters': 18}, {'Max_spout': 1000000.0, 'Spliters': 6, 'Counters': 12}, {'Max_spout': 1000000.0, 'Spliters': 6, 'Counters': 12}, {'Max_spout': 1000000.0, 'Spliters': 6, 'Counters': 12}
0.45132372310007496, 0.3534006710681069, 0.45684852732534786, 0.45132372310007496, 0.45132372310007496, 0.3843556979164898, 0.44750804325835974, 0.46070995666468245, 0.45684852732534786, 0.40079210255235836, 0.39158101576180454, 0.45132372310007496, 0.44750804325835974, 0.45132372310007496, 0.44750804325835974, 0.45132372310007496, 0.44750804325835974, 0.45132372310007496, 0.45132372310007496, 0.45132372310007496
0.029036998748779297, 0.03255343437194824, 0.03263378143310547, 0.031024932861328125, 0.02771735191345215, 0.031562089920043945, 0.03787517547607422, 0.037981510162353516, 0.02202916145324707, 0.028874635696411133, 0.030040264129638672, 0.035977840423583984, 0.035622358322143555, 0.03674578666687012, 0.038178443908691406, 0.03904294967651367, 0.0574793815612793, 0.07954025268554688, 0.08295750617980957, 0.08245539665222168