{'Max_spout': 1000, 'Spliters': 2, 'Counters': 12}, {'Max_spout': 1000000.0, 'Spliters': 2, 'Counters': 9}, {'Max_spout': 1000, 'Spliters': 2, 'Counters': 15}, {'Max_spout': 1000, 'Spliters': 2, 'Counters': 12}, {'Max_spout': 1000, 'Spliters': 2, 'Counters': 12}, {'Max_spout': 1000, 'Spliters': 2, 'Counters': 12}, {'Max_spout': 1000, 'Spliters': 2, 'Counters': 15}, {'Max_spout': 1000, 'Spliters': 2, 'Counters': 15}, {'Max_spout': 1000, 'Spliters': 2, 'Counters': 18}, {'Max_spout': 1000, 'Spliters': 2, 'Counters': 15}, {'Max_spout': 1000, 'Spliters': 2, 'Counters': 12}, {'Max_spout': 1000, 'Spliters': 2, 'Counters': 15}, {'Max_spout': 1000, 'Spliters': 2, 'Counters': 15}, {'Max_spout': 1000, 'Spliters': 2, 'Counters': 12}, {'Max_spout': 1000000.0, 'Spliters': 2, 'Counters': 9}, {'Max_spout': 1000000.0, 'Spliters': 2, 'Counters': 9}, {'Max_spout': 1000, 'Spliters': 2, 'Counters': 12}, {'Max_spout': 1000, 'Spliters': 2, 'Counters': 12}, {'Max_spout': 1000, 'Spliters': 2, 'Counters': 12}, {'Max_spout': 10000, 'Spliters': 2, 'Counters': 18}
0.3482522082801707, 0.41464190904005405, 0.3534006710681069, 0.3482522082801707, 0.3482522082801707, 0.3482522082801707, 0.3534006710681069, 0.3534006710681069, 0.36703078577231235, 0.3534006710681069, 0.3482522082801707, 0.3534006710681069, 0.3534006710681069, 0.3482522082801707, 0.41464190904005405, 0.41464190904005405, 0.3482522082801707, 0.3482522082801707, 0.3482522082801707, 0.4202161119317217
0.10066628456115723, 0.11082577705383301, 0.12004685401916504, 0.12505269050598145, 0.1004340648651123, 0.10757946968078613, 0.15351629257202148, 0.1378471851348877, 0.11947798728942871, 0.11209511756896973, 0.12862753868103027, 0.12673306465148926, 0.11683964729309082, 0.11428570747375488, 0.10356259346008301, 0.1219167709350586, 0.10461759567260742, 0.11648821830749512, 0.1044001579284668, 0.09615445137023926