{'Max_spout': 10, 'Spliters': 1, 'Counters': 15}, {'Max_spout': 1000, 'Spliters': 2, 'Counters': 15}, {'Max_spout': 1000, 'Spliters': 6, 'Counters': 12}, {'Max_spout': 1000000.0, 'Spliters': 6, 'Counters': 18}, {'Max_spout': 1000000.0, 'Spliters': 6, 'Counters': 18}, {'Max_spout': 1000, 'Spliters': 2, 'Counters': 9}, {'Max_spout': 100000.0, 'Spliters': 3, 'Counters': 9}, {'Max_spout': 100, 'Spliters': 1, 'Counters': 9}, {'Max_spout': 1000000.0, 'Spliters': 6, 'Counters': 18}, {'Max_spout': 100000.0, 'Spliters': 6, 'Counters': 9}, {'Max_spout': 10000, 'Spliters': 2, 'Counters': 9}, {'Max_spout': 100, 'Spliters': 2, 'Counters': 18}, {'Max_spout': 100, 'Spliters': 6, 'Counters': 15}, {'Max_spout': 10, 'Spliters': 6, 'Counters': 12}, {'Max_spout': 100, 'Spliters': 1, 'Counters': 18}, {'Max_spout': 1000, 'Spliters': 6, 'Counters': 12}, {'Max_spout': 1000, 'Spliters': 6, 'Counters': 6}, {'Max_spout': 1000, 'Spliters': 3, 'Counters': 9}, {'Max_spout': 1000, 'Spliters': 6, 'Counters': 9}, {'Max_spout': 1000, 'Spliters': 1, 'Counters': 12}
0.5934026716465242, 0.3534006710681069, 0.46453191791875453, 0.45684852732534786, 0.45684852732534786, 0.3843556979164898, 0.5344352275539659, 0.51124092595886, 0.45684852732534786, 0.47025486525925825, 0.39158101576180454, 0.40079210255235836, 0.49613719934611095, 0.5335485677312941, 0.510825701154224, 0.46453191791875453, 0.4665671268518795, 0.5223590276285064, 0.4762945188107025, 0.48226870087095225
0.014136314392089844, 0.01296377182006836, 0.010991334915161133, 0.015003681182861328, 0.012175321578979492, 0.012220382690429688, 0.010318279266357422, 0.020627975463867188, 0.013236761093139648, 0.013879776000976562, 0.010967731475830078, 0.00960683822631836, 0.013110160827636719, 0.011089324951171875, 0.013067007064819336, 0.020186185836791992, 0.012695789337158203, 0.017396926879882812, 0.017603635787963867, 0.011862993240356445