{'Max_spout': 100000.0, 'Spliters': 2, 'Counters': 18}, {'Max_spout': 1000, 'Spliters': 2, 'Counters': 15}, {'Max_spout': 1000, 'Spliters': 2, 'Counters': 18}, {'Max_spout': 10000, 'Spliters': 6, 'Counters': 18}, {'Max_spout': 10000, 'Spliters': 2, 'Counters': 6}, {'Max_spout': 1000, 'Spliters': 2, 'Counters': 12}, {'Max_spout': 1000, 'Spliters': 2, 'Counters': 18}, {'Max_spout': 100000.0, 'Spliters': 2, 'Counters': 18}, {'Max_spout': 10000, 'Spliters': 2, 'Counters': 9}, {'Max_spout': 100000.0, 'Spliters': 2, 'Counters': 18}, {'Max_spout': 1000000.0, 'Spliters': 2, 'Counters': 9}, {'Max_spout': 100, 'Spliters': 2, 'Counters': 18}, {'Max_spout': 100, 'Spliters': 2, 'Counters': 18}, {'Max_spout': 1000, 'Spliters': 2, 'Counters': 12}, {'Max_spout': 100, 'Spliters': 2, 'Counters': 15}, {'Max_spout': 10000, 'Spliters': 6, 'Counters': 18}, {'Max_spout': 1000000.0, 'Spliters': 2, 'Counters': 9}, {'Max_spout': 1000000.0, 'Spliters': 2, 'Counters': 9}, {'Max_spout': 1000, 'Spliters': 2, 'Counters': 18}, {'Max_spout': 10000, 'Spliters': 6, 'Counters': 18}
0.4412970247361895, 0.3534006710681069, 0.36703078577231235, 0.44750804325835974, 0.40485955073549257, 0.3482522082801707, 0.36703078577231235, 0.4412970247361895, 0.39158101576180454, 0.4412970247361895, 0.41464190904005405, 0.40079210255235836, 0.40079210255235836, 0.3482522082801707, 0.420691565681172, 0.44750804325835974, 0.41464190904005405, 0.41464190904005405, 0.36703078577231235, 0.44750804325835974
0.06876039505004883, 0.06424140930175781, 0.06698989868164062, 0.07905220985412598, 0.0680532455444336, 0.06977677345275879, 0.07384705543518066, 0.06334590911865234, 0.04643583297729492, 0.05681347846984863, 0.06264257431030273, 0.05489397048950195, 0.05970191955566406, 0.06038475036621094, 0.0608973503112793, 0.05829620361328125, 0.045941829681396484, 0.0642237663269043, 0.05528402328491211, 0.0522768497467041