{'Max_spout': 100000.0, 'Spliters': 6, 'Counters': 18}, {'Max_spout': 1000000.0, 'Spliters': 6, 'Counters': 12}, {'Max_spout': 1000, 'Spliters': 2, 'Counters': 15}, {'Max_spout': 1000000.0, 'Spliters': 6, 'Counters': 18}, {'Max_spout': 1000000.0, 'Spliters': 6, 'Counters': 18}, {'Max_spout': 1000, 'Spliters': 2, 'Counters': 9}, {'Max_spout': 1000000.0, 'Spliters': 6, 'Counters': 6}, {'Max_spout': 1000000.0, 'Spliters': 6, 'Counters': 12}, {'Max_spout': 1000000.0, 'Spliters': 6, 'Counters': 18}, {'Max_spout': 100000.0, 'Spliters': 6, 'Counters': 18}, {'Max_spout': 10000, 'Spliters': 2, 'Counters': 9}, {'Max_spout': 100, 'Spliters': 2, 'Counters': 18}, {'Max_spout': 10000, 'Spliters': 6, 'Counters': 12}, {'Max_spout': 1000000.0, 'Spliters': 6, 'Counters': 18}, {'Max_spout': 1000000.0, 'Spliters': 6, 'Counters': 15}, {'Max_spout': 1000000.0, 'Spliters': 6, 'Counters': 18}, {'Max_spout': 1000000.0, 'Spliters': 6, 'Counters': 18}, {'Max_spout': 1000000.0, 'Spliters': 6, 'Counters': 12}, {'Max_spout': 1000000.0, 'Spliters': 6, 'Counters': 18}, {'Max_spout': 100000.0, 'Spliters': 6, 'Counters': 18}
0.43093537436088897, 0.4426252477282385, 0.3340436419777277, 0.4433311775223357, 0.4433311775223357, 0.40781820730939655, 0.47018040995945226, 0.4426252477282385, 0.4433311775223357, 0.43093537436088897, 0.39147958309618697, 0.4180935235632412, 0.4350877441709323, 0.4433311775223357, 0.4538266309496835, 0.4433311775223357, 0.4433311775223357, 0.4426252477282385, 0.4433311775223357, 0.43093537436088897
0.025380373001098633, 0.030588626861572266, 0.030987024307250977, 0.029201030731201172, 0.029877424240112305, 0.026180744171142578, 0.030066251754760742, 0.02746725082397461, 0.034880876541137695, 0.037271738052368164, 0.039095163345336914, 0.03648257255554199, 0.03194737434387207, 0.03681445121765137, 0.0341489315032959, 0.03760576248168945, 0.04520249366760254, 0.038092613220214844, 0.04915809631347656, 0.04557394981384277