{'Max_spout': 10, 'Spliters': 1, 'Counters': 12}, {'Max_spout': 1000, 'Spliters': 6, 'Counters': 12}, {'Max_spout': 1000, 'Spliters': 2, 'Counters': 15}, {'Max_spout': 1000000.0, 'Spliters': 6, 'Counters': 18}, {'Max_spout': 1000000.0, 'Spliters': 6, 'Counters': 18}, {'Max_spout': 100000.0, 'Spliters': 3, 'Counters': 9}, {'Max_spout': 100, 'Spliters': 1, 'Counters': 9}, {'Max_spout': 1000, 'Spliters': 2, 'Counters': 9}, {'Max_spout': 100000.0, 'Spliters': 6, 'Counters': 9}, {'Max_spout': 10000, 'Spliters': 2, 'Counters': 9}, {'Max_spout': 1000000.0, 'Spliters': 6, 'Counters': 18}, {'Max_spout': 100, 'Spliters': 2, 'Counters': 18}, {'Max_spout': 100, 'Spliters': 6, 'Counters': 15}, {'Max_spout': 10, 'Spliters': 6, 'Counters': 15}, {'Max_spout': 1000, 'Spliters': 6, 'Counters': 6}, {'Max_spout': 100, 'Spliters': 1, 'Counters': 18}, {'Max_spout': 1000, 'Spliters': 3, 'Counters': 9}, {'Max_spout': 1000, 'Spliters': 6, 'Counters': 9}, {'Max_spout': 1000, 'Spliters': 1, 'Counters': 12}, {'Max_spout': 1000, 'Spliters': 6, 'Counters': 6}
0.597939059093988, 0.4708138172112138, 0.3340436419777277, 0.4433311775223357, 0.4433311775223357, 0.5000005369538446, 0.5208625605629624, 0.40781820730939655, 0.45112191811043734, 0.39147958309618697, 0.4433311775223357, 0.4180935235632412, 0.493974959551124, 0.534081258716336, 0.45798220162788744, 0.5033477557141054, 0.5106061063097496, 0.4659466153082279, 0.4853618212673064, 0.45798220162788744
0.025496244430541992, 0.01748180389404297, 0.029035091400146484, 0.03178286552429199, 0.016631603240966797, 0.017350435256958008, 0.024802446365356445, 0.023143291473388672, 0.012183904647827148, 0.015453815460205078, 0.014249324798583984, 0.01961040496826172, 0.02009296417236328, 0.016701698303222656, 0.016542673110961914, 0.019338130950927734, 0.017146587371826172, 0.013560295104980469, 0.017047405242919922, 0.03092050552368164