{'Max_spout': 1000000.0, 'Spliters': 6, 'Counters': 18}, {'Max_spout': 1000000.0, 'Spliters': 6, 'Counters': 18}, {'Max_spout': 1000, 'Spliters': 2, 'Counters': 15}, {'Max_spout': 1000000.0, 'Spliters': 6, 'Counters': 18}, {'Max_spout': 1000, 'Spliters': 2, 'Counters': 9}, {'Max_spout': 1000000.0, 'Spliters': 6, 'Counters': 1}, {'Max_spout': 1000000.0, 'Spliters': 6, 'Counters': 18}, {'Max_spout': 1000000.0, 'Spliters': 6, 'Counters': 18}, {'Max_spout': 1000000.0, 'Spliters': 6, 'Counters': 18}, {'Max_spout': 10000, 'Spliters': 2, 'Counters': 9}, {'Max_spout': 1000000.0, 'Spliters': 6, 'Counters': 18}, {'Max_spout': 100, 'Spliters': 2, 'Counters': 18}, {'Max_spout': 1000000.0, 'Spliters': 6, 'Counters': 18}, {'Max_spout': 1000000.0, 'Spliters': 6, 'Counters': 15}, {'Max_spout': 1000, 'Spliters': 6, 'Counters': 6}, {'Max_spout': 1000000.0, 'Spliters': 6, 'Counters': 18}, {'Max_spout': 1000000.0, 'Spliters': 6, 'Counters': 18}, {'Max_spout': 1000000.0, 'Spliters': 6, 'Counters': 18}, {'Max_spout': 1000000.0, 'Spliters': 6, 'Counters': 18}, {'Max_spout': 1000000.0, 'Spliters': 6, 'Counters': 1}
0.4433311775223357, 0.4433311775223357, 0.3340436419777277, 0.4433311775223357, 0.40781820730939655, 0.4791893569222489, 0.4433311775223357, 0.4433311775223357, 0.4433311775223357, 0.39147958309618697, 0.4433311775223357, 0.4180935235632412, 0.4433311775223357, 0.4538266309496835, 0.45798220162788744, 0.4433311775223357, 0.4433311775223357, 0.4433311775223357, 0.4433311775223357, 0.4791893569222489
0.015656471252441406, 0.013632059097290039, 0.02523517608642578, 0.031641244888305664, 0.06883549690246582, 0.11556053161621094, 0.12297916412353516, 0.11443686485290527, 0.031774282455444336, 0.03140878677368164, 0.03990817070007324, 0.03197646141052246, 0.01422119140625, 0.01645946502685547, 0.02090311050415039, 0.02390432357788086, 0.017853260040283203, 0.01845383644104004, 0.021628618240356445, 0.024288415908813477