{'Max_spout': 1000, 'Spliters': 2, 'Counters': 15}, {'Max_spout': 1000, 'Spliters': 2, 'Counters': 15}, {'Max_spout': 1000, 'Spliters': 2, 'Counters': 15}, {'Max_spout': 1000, 'Spliters': 2, 'Counters': 15}, {'Max_spout': 1000, 'Spliters': 2, 'Counters': 15}, {'Max_spout': 100000.0, 'Spliters': 6, 'Counters': 18}, {'Max_spout': 1000, 'Spliters': 2, 'Counters': 15}, {'Max_spout': 1000, 'Spliters': 2, 'Counters': 9}, {'Max_spout': 1000000.0, 'Spliters': 2, 'Counters': 9}, {'Max_spout': 1000, 'Spliters': 2, 'Counters': 15}, {'Max_spout': 1000, 'Spliters': 2, 'Counters': 15}, {'Max_spout': 1000, 'Spliters': 2, 'Counters': 15}, {'Max_spout': 1000, 'Spliters': 2, 'Counters': 15}, {'Max_spout': 10000, 'Spliters': 2, 'Counters': 15}, {'Max_spout': 1000, 'Spliters': 2, 'Counters': 15}, {'Max_spout': 1000, 'Spliters': 2, 'Counters': 15}, {'Max_spout': 1000, 'Spliters': 2, 'Counters': 15}, {'Max_spout': 1000, 'Spliters': 2, 'Counters': 15}, {'Max_spout': 1000, 'Spliters': 2, 'Counters': 15}, {'Max_spout': 1000, 'Spliters': 2, 'Counters': 15}
0.3340436419777277, 0.3340436419777277, 0.3340436419777277, 0.3340436419777277, 0.3340436419777277, 0.43093537436088897, 0.3340436419777277, 0.40781820730939655, 0.3961943038278054, 0.3340436419777277, 0.3340436419777277, 0.3340436419777277, 0.3340436419777277, 0.4257248893533731, 0.3340436419777277, 0.3340436419777277, 0.3340436419777277, 0.3340436419777277, 0.3340436419777277, 0.3340436419777277
0.11867594718933105, 0.13105058670043945, 0.13483834266662598, 0.1419367790222168, 0.11568331718444824, 0.12670159339904785, 0.11664104461669922, 0.13019657135009766, 0.11794304847717285, 0.10439515113830566, 0.10928630828857422, 0.11171436309814453, 0.12773394584655762, 0.10932159423828125, 0.11755537986755371, 0.12154269218444824, 0.10157418251037598, 0.1157996654510498, 0.11617302894592285, 0.11636829376220703