{'Max_spout': 100000.0, 'Spliters': 6, 'Counters': 18}, {'Max_spout': 1000000.0, 'Spliters': 6, 'Counters': 12}, {'Max_spout': 1000, 'Spliters': 2, 'Counters': 15}, {'Max_spout': 1000000.0, 'Spliters': 6, 'Counters': 12}, {'Max_spout': 100000.0, 'Spliters': 6, 'Counters': 18}, {'Max_spout': 1000000.0, 'Spliters': 6, 'Counters': 6}, {'Max_spout': 1000, 'Spliters': 2, 'Counters': 9}, {'Max_spout': 100000.0, 'Spliters': 6, 'Counters': 15}, {'Max_spout': 100000.0, 'Spliters': 6, 'Counters': 18}, {'Max_spout': 100000.0, 'Spliters': 6, 'Counters': 18}, {'Max_spout': 10000, 'Spliters': 2, 'Counters': 18}, {'Max_spout': 10000, 'Spliters': 2, 'Counters': 9}, {'Max_spout': 1000000.0, 'Spliters': 6, 'Counters': 12}, {'Max_spout': 10000, 'Spliters': 6, 'Counters': 12}, {'Max_spout': 1000000.0, 'Spliters': 6, 'Counters': 12}, {'Max_spout': 1000000.0, 'Spliters': 6, 'Counters': 12}, {'Max_spout': 1000000.0, 'Spliters': 6, 'Counters': 12}, {'Max_spout': 100000.0, 'Spliters': 6, 'Counters': 18}, {'Max_spout': 100000.0, 'Spliters': 6, 'Counters': 18}, {'Max_spout': 1000000.0, 'Spliters': 6, 'Counters': 12}
0.43093537436088897, 0.4426252477282385, 0.3340436419777277, 0.4426252477282385, 0.43093537436088897, 0.47018040995945226, 0.40781820730939655, 0.43816779038423925, 0.43093537436088897, 0.43093537436088897, 0.3893870191155626, 0.39147958309618697, 0.4426252477282385, 0.4350877441709323, 0.4426252477282385, 0.4426252477282385, 0.4426252477282385, 0.43093537436088897, 0.43093537436088897, 0.4426252477282385
0.04081559181213379, 0.045668601989746094, 0.04976367950439453, 0.04397296905517578, 0.046483755111694336, 0.044054269790649414, 0.04948616027832031, 0.05111265182495117, 0.042253971099853516, 0.04559516906738281, 0.03709983825683594, 0.04176902770996094, 0.029890060424804688, 0.03568148612976074, 0.03940439224243164, 0.04760551452636719, 0.06123518943786621, 0.05664348602294922, 0.04876112937927246, 0.04995107650756836