{'Max_spout': 1000, 'Spliters': 2, 'Counters': 18}, {'Max_spout': 100000.0, 'Spliters': 2, 'Counters': 18}, {'Max_spout': 1000, 'Spliters': 2, 'Counters': 15}, {'Max_spout': 1000000.0, 'Spliters': 2, 'Counters': 9}, {'Max_spout': 1000000.0, 'Spliters': 6, 'Counters': 6}, {'Max_spout': 1000, 'Spliters': 2, 'Counters': 9}, {'Max_spout': 1000, 'Spliters': 2, 'Counters': 18}, {'Max_spout': 100000.0, 'Spliters': 6, 'Counters': 18}, {'Max_spout': 10000, 'Spliters': 2, 'Counters': 18}, {'Max_spout': 10000, 'Spliters': 2, 'Counters': 15}, {'Max_spout': 10000, 'Spliters': 2, 'Counters': 9}, {'Max_spout': 1000, 'Spliters': 2, 'Counters': 15}, {'Max_spout': 1000000.0, 'Spliters': 2, 'Counters': 9}, {'Max_spout': 100000.0, 'Spliters': 6, 'Counters': 18}, {'Max_spout': 100000.0, 'Spliters': 6, 'Counters': 18}, {'Max_spout': 10000, 'Spliters': 6, 'Counters': 12}, {'Max_spout': 100000.0, 'Spliters': 2, 'Counters': 18}, {'Max_spout': 1000000.0, 'Spliters': 2, 'Counters': 9}, {'Max_spout': 100000.0, 'Spliters': 6, 'Counters': 18}, {'Max_spout': 10000, 'Spliters': 2, 'Counters': 15}
0.3513569799560069, 0.4288502324027476, 0.3340436419777277, 0.3961943038278054, 0.47018040995945226, 0.40781820730939655, 0.3513569799560069, 0.43093537436088897, 0.3893870191155626, 0.4257248893533731, 0.39147958309618697, 0.3340436419777277, 0.3961943038278054, 0.43093537436088897, 0.43093537436088897, 0.4350877441709323, 0.4288502324027476, 0.3961943038278054, 0.43093537436088897, 0.4257248893533731
0.07189583778381348, 0.07455611228942871, 0.07375431060791016, 0.0786287784576416, 0.06620264053344727, 0.0659029483795166, 0.07066583633422852, 0.07669830322265625, 0.052734375, 0.060205936431884766, 0.06840920448303223, 0.06275248527526855, 0.04974532127380371, 0.07101631164550781, 0.07032895088195801, 0.05433344841003418, 0.06008791923522949, 0.06595778465270996, 0.06224799156188965, 0.06479501724243164