{'Width': 3, 'Complexity': 0, 'Fifo': 1, 'Multiplier': 1}, {'Width': 3, 'Complexity': 0, 'Fifo': 1, 'Multiplier': 1}, {'Width': 3, 'Complexity': 0, 'Fifo': 1, 'Multiplier': 1}, {'Width': 3, 'Complexity': 0, 'Fifo': 1, 'Multiplier': 1}, {'Width': 3, 'Complexity': 0, 'Fifo': 1, 'Multiplier': 1}, {'Width': 3, 'Complexity': 0, 'Fifo': 1, 'Multiplier': 1}, {'Width': 3, 'Complexity': 0, 'Fifo': 1, 'Multiplier': 1}, {'Width': 3, 'Complexity': 0, 'Fifo': 1, 'Multiplier': 1}, {'Width': 3, 'Complexity': 0, 'Fifo': 1, 'Multiplier': 1}, {'Width': 3, 'Complexity': 0, 'Fifo': 1, 'Multiplier': 1}, {'Width': 3, 'Complexity': 0, 'Fifo': 1, 'Multiplier': 1}, {'Width': 3, 'Complexity': 0, 'Fifo': 1, 'Multiplier': 1}, {'Width': 3, 'Complexity': 0, 'Fifo': 1, 'Multiplier': 1}, {'Width': 3, 'Complexity': 0, 'Fifo': 1, 'Multiplier': 1}, {'Width': 3, 'Complexity': 0, 'Fifo': 1, 'Multiplier': 1}, {'Width': 3, 'Complexity': 0, 'Fifo': 1, 'Multiplier': 1}, {'Width': 3, 'Complexity': 0, 'Fifo': 1, 'Multiplier': 1}, {'Width': 3, 'Complexity': 0, 'Fifo': 1, 'Multiplier': 1}, {'Width': 3, 'Complexity': 0, 'Fifo': 1, 'Multiplier': 1}, {'Width': 3, 'Complexity': 0, 'Fifo': 1, 'Multiplier': 1}
0.22581417455021333, 0.22581417455021333, 0.22581417455021333, 0.22581417455021333, 0.22581417455021333, 0.22581417455021333, 0.22581417455021333, 0.22581417455021333, 0.22581417455021333, 0.22581417455021333, 0.22581417455021333, 0.22581417455021333, 0.22581417455021333, 0.22581417455021333, 0.22581417455021333, 0.22581417455021333, 0.22581417455021333, 0.22581417455021333, 0.22581417455021333, 0.22581417455021333
0.17738008499145508, 0.20069408416748047, 0.20192432403564453, 0.23452186584472656, 0.14672493934631348, 0.1439838409423828, 0.15959835052490234, 0.15452051162719727, 0.12867045402526855, 0.12851738929748535, 0.14191603660583496, 0.13973450660705566, 0.13518238067626953, 0.1661968231201172, 0.14985251426696777, 0.15401387214660645, 0.14540910720825195, 0.1300802230834961, 0.14611530303955078, 0.13325834274291992