{'Width': 3, 'Complexity': 0, 'Fifo': 1, 'Multiplier': 1}, {'Width': 3, 'Complexity': 1, 'Fifo': 4, 'Multiplier': 1}, {'Width': 6, 'Complexity': 1, 'Fifo': 2, 'Multiplier': 1}, {'Width': 4, 'Complexity': 0, 'Fifo': 4, 'Multiplier': 1}, {'Width': 3, 'Complexity': 0, 'Fifo': 3, 'Multiplier': 1}, {'Width': 3, 'Complexity': 1, 'Fifo': 1, 'Multiplier': 1}, {'Width': 4, 'Complexity': 0, 'Fifo': 3, 'Multiplier': 5}, {'Width': 4, 'Complexity': 1, 'Fifo': 1, 'Multiplier': 10}, {'Width': 3, 'Complexity': 0, 'Fifo': 4, 'Multiplier': 1}, {'Width': 4, 'Complexity': 0, 'Fifo': 3, 'Multiplier': 1}, {'Width': 4, 'Complexity': 0, 'Fifo': 4, 'Multiplier': 2}, {'Width': 5, 'Complexity': 1, 'Fifo': 2, 'Multiplier': 1}, {'Width': 3, 'Complexity': 0, 'Fifo': 4, 'Multiplier': 1}, {'Width': 6, 'Complexity': 1, 'Fifo': 3, 'Multiplier': 1}, {'Width': 7, 'Complexity': 1, 'Fifo': 1, 'Multiplier': 1}, {'Width': 6, 'Complexity': 0, 'Fifo': 2, 'Multiplier': 1}, {'Width': 3, 'Complexity': 0, 'Fifo': 1, 'Multiplier': 50}, {'Width': 3, 'Complexity': 0, 'Fifo': 4, 'Multiplier': 2}, {'Width': 4, 'Complexity': 0, 'Fifo': 1, 'Multiplier': 1}, {'Width': 4, 'Complexity': 0, 'Fifo': 2, 'Multiplier': 1}
0.22581417455021333, 0.3139305450653319, 0.4847424486775527, 0.37790341766003394, 0.22587868316250506, 0.3131549450517663, 0.6591644242125103, 0.735155056702369, 0.22587868316250506, 0.37790345019936683, 0.5408570998371044, 0.44772479049532365, 0.22587868316250506, 0.4847424486775527, 0.5043395682906585, 0.5090215664735307, 0.8483400171278771, 0.41985099335665094, 0.37779533463222775, 0.37790341766003394
0.019169330596923828, 0.021402359008789062, 0.026751995086669922, 0.02700328826904297, 0.011475086212158203, 0.014244318008422852, 0.022830724716186523, 0.023010969161987305, 0.01160740852355957, 0.016527175903320312, 0.013808488845825195, 0.014056921005249023, 0.016782522201538086, 0.01425027847290039, 0.013665437698364258, 0.015317201614379883, 0.015070915222167969, 0.016736507415771484, 0.011512994766235352, 0.01325225830078125