{'Width': 3, 'Complexity': 0, 'Fifo': 4, 'Multiplier': 1}, {'Width': 3, 'Complexity': 0, 'Fifo': 4, 'Multiplier': 1}, {'Width': 3, 'Complexity': 0, 'Fifo': 4, 'Multiplier': 1}, {'Width': 3, 'Complexity': 0, 'Fifo': 1, 'Multiplier': 1}, {'Width': 3, 'Complexity': 0, 'Fifo': 4, 'Multiplier': 1}, {'Width': 3, 'Complexity': 0, 'Fifo': 3, 'Multiplier': 1}, {'Width': 3, 'Complexity': 0, 'Fifo': 4, 'Multiplier': 1}, {'Width': 3, 'Complexity': 1, 'Fifo': 4, 'Multiplier': 1}, {'Width': 3, 'Complexity': 0, 'Fifo': 1, 'Multiplier': 1}, {'Width': 3, 'Complexity': 0, 'Fifo': 4, 'Multiplier': 1}, {'Width': 3, 'Complexity': 0, 'Fifo': 4, 'Multiplier': 1}, {'Width': 3, 'Complexity': 0, 'Fifo': 4, 'Multiplier': 1}, {'Width': 3, 'Complexity': 1, 'Fifo': 4, 'Multiplier': 1}, {'Width': 3, 'Complexity': 0, 'Fifo': 4, 'Multiplier': 1}, {'Width': 7, 'Complexity': 1, 'Fifo': 1, 'Multiplier': 1}, {'Width': 3, 'Complexity': 0, 'Fifo': 1, 'Multiplier': 1}, {'Width': 3, 'Complexity': 1, 'Fifo': 4, 'Multiplier': 1}, {'Width': 3, 'Complexity': 0, 'Fifo': 4, 'Multiplier': 1}, {'Width': 3, 'Complexity': 0, 'Fifo': 4, 'Multiplier': 1}, {'Width': 3, 'Complexity': 0, 'Fifo': 4, 'Multiplier': 1}
0.22587868316250506, 0.22587868316250506, 0.22587868316250506, 0.22581417455021333, 0.22587868316250506, 0.22587868316250506, 0.22587868316250506, 0.3139305450653319, 0.22581417455021333, 0.22587868316250506, 0.22587868316250506, 0.22587868316250506, 0.3139305450653319, 0.22587868316250506, 0.5043395682906585, 0.22581417455021333, 0.3139305450653319, 0.22587868316250506, 0.22587868316250506, 0.22587868316250506
0.034279823303222656, 0.037439823150634766, 0.03538632392883301, 0.034949302673339844, 0.026851654052734375, 0.028701066970825195, 0.0387730598449707, 0.03767108917236328, 0.023129701614379883, 0.03099346160888672, 0.025763273239135742, 0.035819292068481445, 0.02599644660949707, 0.028178930282592773, 0.028849363327026367, 0.037101030349731445, 0.028481006622314453, 0.02653980255126953, 0.029204845428466797, 0.02902078628540039