{'Width': 3, 'Complexity': 0, 'Fifo': 1, 'Multiplier': 1}, {'Width': 3, 'Complexity': 0, 'Fifo': 1, 'Multiplier': 1}, {'Width': 3, 'Complexity': 0, 'Fifo': 1, 'Multiplier': 1}, {'Width': 3, 'Complexity': 0, 'Fifo': 1, 'Multiplier': 1}, {'Width': 3, 'Complexity': 0, 'Fifo': 1, 'Multiplier': 1}, {'Width': 3, 'Complexity': 0, 'Fifo': 1, 'Multiplier': 1}, {'Width': 3, 'Complexity': 1, 'Fifo': 4, 'Multiplier': 1}, {'Width': 3, 'Complexity': 0, 'Fifo': 4, 'Multiplier': 1}, {'Width': 3, 'Complexity': 0, 'Fifo': 4, 'Multiplier': 1}, {'Width': 3, 'Complexity': 0, 'Fifo': 1, 'Multiplier': 1}, {'Width': 3, 'Complexity': 0, 'Fifo': 1, 'Multiplier': 1}, {'Width': 3, 'Complexity': 0, 'Fifo': 4, 'Multiplier': 1}, {'Width': 3, 'Complexity': 1, 'Fifo': 1, 'Multiplier': 2}, {'Width': 3, 'Complexity': 0, 'Fifo': 4, 'Multiplier': 1}, {'Width': 3, 'Complexity': 0, 'Fifo': 1, 'Multiplier': 1}, {'Width': 3, 'Complexity': 0, 'Fifo': 1, 'Multiplier': 1}, {'Width': 3, 'Complexity': 1, 'Fifo': 4, 'Multiplier': 1}, {'Width': 3, 'Complexity': 0, 'Fifo': 1, 'Multiplier': 1}, {'Width': 3, 'Complexity': 0, 'Fifo': 1, 'Multiplier': 1}, {'Width': 3, 'Complexity': 0, 'Fifo': 4, 'Multiplier': 1}
0.22581417455021333, 0.22581417455021333, 0.22581417455021333, 0.22581417455021333, 0.22581417455021333, 0.22581417455021333, 0.3139305450653319, 0.22587868316250506, 0.22587868316250506, 0.22581417455021333, 0.22581417455021333, 0.22587868316250506, 0.4475718587069909, 0.22587868316250506, 0.22581417455021333, 0.22581417455021333, 0.3139305450653319, 0.22581417455021333, 0.22581417455021333, 0.22587868316250506
0.03951406478881836, 0.046362876892089844, 0.048273324966430664, 0.05155682563781738, 0.043021440505981445, 0.04486346244812012, 0.047446250915527344, 0.050457000732421875, 0.03602266311645508, 0.04584836959838867, 0.04096817970275879, 0.03831624984741211, 0.03506302833557129, 0.04588794708251953, 0.047441959381103516, 0.03757667541503906, 0.03556561470031738, 0.03339219093322754, 0.03241419792175293, 0.04019594192504883