{'Width': 3, 'Complexity': 0, 'Fifo': 4, 'Multiplier': 1}, {'Width': 3, 'Complexity': 0, 'Fifo': 4, 'Multiplier': 1}, {'Width': 3, 'Complexity': 0, 'Fifo': 4, 'Multiplier': 1}, {'Width': 3, 'Complexity': 0, 'Fifo': 1, 'Multiplier': 1}, {'Width': 3, 'Complexity': 0, 'Fifo': 4, 'Multiplier': 1}, {'Width': 3, 'Complexity': 1, 'Fifo': 4, 'Multiplier': 1}, {'Width': 3, 'Complexity': 0, 'Fifo': 4, 'Multiplier': 1}, {'Width': 3, 'Complexity': 0, 'Fifo': 3, 'Multiplier': 1}, {'Width': 3, 'Complexity': 0, 'Fifo': 4, 'Multiplier': 1}, {'Width': 3, 'Complexity': 1, 'Fifo': 1, 'Multiplier': 1}, {'Width': 3, 'Complexity': 0, 'Fifo': 4, 'Multiplier': 1}, {'Width': 3, 'Complexity': 0, 'Fifo': 4, 'Multiplier': 1}, {'Width': 3, 'Complexity': 0, 'Fifo': 4, 'Multiplier': 1}, {'Width': 3, 'Complexity': 1, 'Fifo': 4, 'Multiplier': 1}, {'Width': 7, 'Complexity': 1, 'Fifo': 1, 'Multiplier': 1}, {'Width': 3, 'Complexity': 0, 'Fifo': 4, 'Multiplier': 1}, {'Width': 3, 'Complexity': 0, 'Fifo': 4, 'Multiplier': 1}, {'Width': 3, 'Complexity': 1, 'Fifo': 4, 'Multiplier': 1}, {'Width': 3, 'Complexity': 0, 'Fifo': 4, 'Multiplier': 1}, {'Width': 3, 'Complexity': 0, 'Fifo': 4, 'Multiplier': 1}
0.22587868316250506, 0.22587868316250506, 0.22587868316250506, 0.22581417455021333, 0.22587868316250506, 0.3139305450653319, 0.22587868316250506, 0.22587868316250506, 0.22587868316250506, 0.3131549450517663, 0.22587868316250506, 0.22587868316250506, 0.22587868316250506, 0.3139305450653319, 0.5043395682906585, 0.22587868316250506, 0.22587868316250506, 0.3139305450653319, 0.22587868316250506, 0.22587868316250506
0.024796485900878906, 0.02633810043334961, 0.028090238571166992, 0.022845983505249023, 0.019216060638427734, 0.027518749237060547, 0.028151988983154297, 0.023346900939941406, 0.023936033248901367, 0.019914627075195312, 0.025542259216308594, 0.028014659881591797, 0.019483089447021484, 0.02233266830444336, 0.022066354751586914, 0.021863460540771484, 0.0175628662109375, 0.026551246643066406, 0.01927042007446289, 0.020710468292236328