{'Width': 3, 'Complexity': 0, 'Fifo': 1, 'Multiplier': 1}, {'Width': 3, 'Complexity': 0, 'Fifo': 1, 'Multiplier': 1}, {'Width': 3, 'Complexity': 0, 'Fifo': 1, 'Multiplier': 1}, {'Width': 3, 'Complexity': 0, 'Fifo': 1, 'Multiplier': 1}, {'Width': 3, 'Complexity': 0, 'Fifo': 1, 'Multiplier': 1}, {'Width': 3, 'Complexity': 1, 'Fifo': 1, 'Multiplier': 1}, {'Width': 3, 'Complexity': 0, 'Fifo': 1, 'Multiplier': 1}, {'Width': 3, 'Complexity': 0, 'Fifo': 4, 'Multiplier': 1}, {'Width': 3, 'Complexity': 0, 'Fifo': 4, 'Multiplier': 1}, {'Width': 3, 'Complexity': 0, 'Fifo': 1, 'Multiplier': 1}, {'Width': 3, 'Complexity': 0, 'Fifo': 1, 'Multiplier': 1}, {'Width': 3, 'Complexity': 0, 'Fifo': 1, 'Multiplier': 1}, {'Width': 3, 'Complexity': 0, 'Fifo': 4, 'Multiplier': 1}, {'Width': 3, 'Complexity': 0, 'Fifo': 1, 'Multiplier': 1}, {'Width': 4, 'Complexity': 0, 'Fifo': 1, 'Multiplier': 1}, {'Width': 3, 'Complexity': 0, 'Fifo': 1, 'Multiplier': 1}, {'Width': 3, 'Complexity': 0, 'Fifo': 1, 'Multiplier': 1}, {'Width': 3, 'Complexity': 0, 'Fifo': 4, 'Multiplier': 1}, {'Width': 3, 'Complexity': 0, 'Fifo': 1, 'Multiplier': 1}, {'Width': 3, 'Complexity': 0, 'Fifo': 1, 'Multiplier': 1}
0.22581417455021333, 0.22581417455021333, 0.22581417455021333, 0.22581417455021333, 0.22581417455021333, 0.3131549450517663, 0.22581417455021333, 0.22587868316250506, 0.22587868316250506, 0.22581417455021333, 0.22581417455021333, 0.22581417455021333, 0.22587868316250506, 0.22581417455021333, 0.37779533463222775, 0.22581417455021333, 0.22581417455021333, 0.22587868316250506, 0.22581417455021333, 0.22581417455021333
0.07030630111694336, 0.07241988182067871, 0.07441473007202148, 0.08887314796447754, 0.07598710060119629, 0.0839390754699707, 0.0955507755279541, 0.09499979019165039, 0.07591652870178223, 0.08606266975402832, 0.08265399932861328, 0.08100223541259766, 0.0815589427947998, 0.09415864944458008, 0.08236312866210938, 0.08591747283935547, 0.07483959197998047, 0.07933425903320312, 0.07040524482727051, 0.06561470031738281