{'Spout': 1, 'Split': 2, 'Count': 12, 'Buffer_size': 5240000.0, 'Heap': 512}, {'Spout': 3, 'Split': 6, 'Count': 12, 'Buffer_size': 10500000.0, 'Heap': 1024}, {'Spout': 1, 'Split': 2, 'Count': 12, 'Buffer_size': 262000.0, 'Heap': 2048}, {'Spout': 1, 'Split': 2, 'Count': 12, 'Buffer_size': 262000.0, 'Heap': 1024}, {'Spout': 1, 'Split': 2, 'Count': 12, 'Buffer_size': 5240000.0, 'Heap': 512}, {'Spout': 1, 'Split': 2, 'Count': 12, 'Buffer_size': 5240000.0, 'Heap': 512}, {'Spout': 1, 'Split': 2, 'Count': 12, 'Buffer_size': 5240000.0, 'Heap': 512}, {'Spout': 1, 'Split': 2, 'Count': 12, 'Buffer_size': 5240000.0, 'Heap': 512}, {'Spout': 1, 'Split': 2, 'Count': 12, 'Buffer_size': 5240000.0, 'Heap': 512}, {'Spout': 1, 'Split': 2, 'Count': 12, 'Buffer_size': 262000.0, 'Heap': 2048}, {'Spout': 1, 'Split': 2, 'Count': 12, 'Buffer_size': 1050000.0, 'Heap': 1024}, {'Spout': 1, 'Split': 2, 'Count': 12, 'Buffer_size': 262000.0, 'Heap': 2048}, {'Spout': 1, 'Split': 2, 'Count': 12, 'Buffer_size': 5240000.0, 'Heap': 512}, {'Spout': 1, 'Split': 2, 'Count': 12, 'Buffer_size': 5240000.0, 'Heap': 512}, {'Spout': 1, 'Split': 2, 'Count': 12, 'Buffer_size': 105000000.0, 'Heap': 2048}, {'Spout': 1, 'Split': 2, 'Count': 12, 'Buffer_size': 105000000.0, 'Heap': 512}, {'Spout': 1, 'Split': 2, 'Count': 12, 'Buffer_size': 5240000.0, 'Heap': 512}, {'Spout': 1, 'Split': 2, 'Count': 12, 'Buffer_size': 5240000.0, 'Heap': 512}, {'Spout': 1, 'Split': 2, 'Count': 12, 'Buffer_size': 5240000.0, 'Heap': 512}, {'Spout': 1, 'Split': 2, 'Count': 12, 'Buffer_size': 5240000.0, 'Heap': 512}
0.0, 0.23756918589154716, 0.004717229689582891, 0.0021204068611183303, 0.0, 0.0, 0.0, 0.0, 0.0, 0.004717229689582891, 0.047120164470837306, 0.004717229689582891, 0.0, 0.0, 0.01592322268422131, 0.016767980467558712, 0.0, 0.0, 0.0, 0.0
0.33338308334350586, 0.3408970832824707, 0.33797526359558105, 0.36753392219543457, 0.3208887577056885, 0.31510066986083984, 0.3524339199066162, 0.40242719650268555, 0.24242377281188965, 0.25113582611083984, 0.328646183013916, 0.3096282482147217, 0.3481447696685791, 0.31353116035461426, 0.3304719924926758, 0.3589472770690918, 0.29152488708496094, 0.3248741626739502, 0.34120965003967285, 0.3256971836090088