{'Spout': 1, 'Split': 2, 'Count': 12, 'Buffer_size': 105000000.0, 'Heap': 2048}, {'Spout': 1, 'Split': 1, 'Count': 12, 'Buffer_size': 105000000.0, 'Heap': 512}, {'Spout': 1, 'Split': 1, 'Count': 12, 'Buffer_size': 105000000.0, 'Heap': 512}, {'Spout': 1, 'Split': 2, 'Count': 6, 'Buffer_size': 1050000.0, 'Heap': 512}, {'Spout': 1, 'Split': 6, 'Count': 12, 'Buffer_size': 10500000.0, 'Heap': 512}, {'Spout': 1, 'Split': 1, 'Count': 12, 'Buffer_size': 262000.0, 'Heap': 2048}, {'Spout': 1, 'Split': 6, 'Count': 12, 'Buffer_size': 5240000.0, 'Heap': 2048}, {'Spout': 1, 'Split': 2, 'Count': 12, 'Buffer_size': 10500000.0, 'Heap': 512}, {'Spout': 3, 'Split': 6, 'Count': 12, 'Buffer_size': 105000000.0, 'Heap': 2048}, {'Spout': 3, 'Split': 6, 'Count': 12, 'Buffer_size': 105000000.0, 'Heap': 512}, {'Spout': 1, 'Split': 2, 'Count': 6, 'Buffer_size': 262000.0, 'Heap': 1024}, {'Spout': 3, 'Split': 6, 'Count': 12, 'Buffer_size': 105000000.0, 'Heap': 2048}, {'Spout': 1, 'Split': 1, 'Count': 12, 'Buffer_size': 5240000.0, 'Heap': 512}, {'Spout': 3, 'Split': 6, 'Count': 12, 'Buffer_size': 262000.0, 'Heap': 1024}, {'Spout': 2, 'Split': 6, 'Count': 12, 'Buffer_size': 10500000.0, 'Heap': 512}, {'Spout': 3, 'Split': 6, 'Count': 12, 'Buffer_size': 105000000.0, 'Heap': 2048}, {'Spout': 1, 'Split': 2, 'Count': 12, 'Buffer_size': 105000000.0, 'Heap': 512}, {'Spout': 2, 'Split': 6, 'Count': 12, 'Buffer_size': 105000000.0, 'Heap': 2048}, {'Spout': 1, 'Split': 2, 'Count': 9, 'Buffer_size': 105000000.0, 'Heap': 2048}, {'Spout': 1, 'Split': 2, 'Count': 12, 'Buffer_size': 105000000.0, 'Heap': 1024}
0.01592322268422131, 0.24685491658648395, 0.24685491658648395, 0.10409365761343324, 0.2748517083559465, 0.2203308792201745, 0.2598418493794855, 0.01826880372553447, 0.2709055415302204, 0.2570641251648314, 0.12016064724801254, 0.2709055415302204, 0.21431792843573635, 0.2653923808806653, 0.2512903273057662, 0.2709055415302204, 0.016767980467558712, 0.24861650726724427, 0.035719561659757766, 0.006302770441314521
0.04709458351135254, 0.04982471466064453, 0.05379176139831543, 0.05180478096008301, 0.053005218505859375, 0.05136609077453613, 0.0476834774017334, 0.05800485610961914, 0.05108523368835449, 0.04831719398498535, 0.0563199520111084, 0.05789947509765625, 0.04559159278869629, 0.0508112907409668, 0.05291414260864258, 0.0587160587310791, 0.051285505294799805, 0.05356311798095703, 0.0509951114654541, 0.057138681411743164