{'Spout': 3, 'Split': 2, 'Count': 9, 'Buffer_size': 262000.0, 'Heap': 512}, {'Spout': 3, 'Split': 6, 'Count': 6, 'Buffer_size': 5240000.0, 'Heap': 512}, {'Spout': 1, 'Split': 2, 'Count': 6, 'Buffer_size': 1050000.0, 'Heap': 512}, {'Spout': 1, 'Split': 2, 'Count': 12, 'Buffer_size': 105000000.0, 'Heap': 2048}, {'Spout': 1, 'Split': 2, 'Count': 12, 'Buffer_size': 10500000.0, 'Heap': 512}, {'Spout': 1, 'Split': 2, 'Count': 3, 'Buffer_size': 10500000.0, 'Heap': 2048}, {'Spout': 2, 'Split': 1, 'Count': 9, 'Buffer_size': 105000000.0, 'Heap': 512}, {'Spout': 1, 'Split': 3, 'Count': 6, 'Buffer_size': 262000.0, 'Heap': 2048}, {'Spout': 2, 'Split': 2, 'Count': 9, 'Buffer_size': 262000.0, 'Heap': 512}, {'Spout': 1, 'Split': 2, 'Count': 6, 'Buffer_size': 262000.0, 'Heap': 1024}, {'Spout': 3, 'Split': 6, 'Count': 9, 'Buffer_size': 262000.0, 'Heap': 1024}, {'Spout': 1, 'Split': 6, 'Count': 6, 'Buffer_size': 105000000.0, 'Heap': 512}, {'Spout': 1, 'Split': 6, 'Count': 9, 'Buffer_size': 1050000.0, 'Heap': 512}, {'Spout': 2, 'Split': 6, 'Count': 12, 'Buffer_size': 10500000.0, 'Heap': 512}, {'Spout': 3, 'Split': 6, 'Count': 9, 'Buffer_size': 105000000.0, 'Heap': 512}, {'Spout': 1, 'Split': 6, 'Count': 12, 'Buffer_size': 1050000.0, 'Heap': 2048}, {'Spout': 1, 'Split': 3, 'Count': 6, 'Buffer_size': 262000.0, 'Heap': 2048}, {'Spout': 1, 'Split': 2, 'Count': 12, 'Buffer_size': 105000000.0, 'Heap': 1024}, {'Spout': 1, 'Split': 6, 'Count': 6, 'Buffer_size': 5240000.0, 'Heap': 2048}, {'Spout': 1, 'Split': 2, 'Count': 9, 'Buffer_size': 105000000.0, 'Heap': 2048}
0.35419602398498795, 0.3532861160830399, 0.10409365761343324, 0.01592322268422131, 0.01826880372553447, 0.2527188305074455, 0.326568466530625, 0.3253105321584062, 0.3171473116058132, 0.12016064724801254, 0.30345441405235013, 0.2896307157656229, 0.27916251226142264, 0.2512903273057662, 0.3051834634566185, 0.2603068411023637, 0.3253105321584062, 0.006302770441314521, 0.28043069486663663, 0.035719561659757766
0.03931784629821777, 0.04269838333129883, 0.038158416748046875, 0.04494976997375488, 0.04094672203063965, 0.04283761978149414, 0.0397181510925293, 0.04934573173522949, 0.03829550743103027, 0.035947322845458984, 0.03639674186706543, 0.037345170974731445, 0.03945446014404297, 0.03606367111206055, 0.03664970397949219, 0.04064345359802246, 0.031349897384643555, 0.038132429122924805, 0.03652548789978027, 0.038208723068237305