{'Spout': 1, 'Split': 2, 'Count': 12, 'Buffer_size': 105000000.0, 'Heap': 2048}, {'Spout': 1, 'Split': 2, 'Count': 6, 'Buffer_size': 1050000.0, 'Heap': 512}, {'Spout': 3, 'Split': 6, 'Count': 12, 'Buffer_size': 5240000.0, 'Heap': 2048}, {'Spout': 1, 'Split': 2, 'Count': 12, 'Buffer_size': 105000000.0, 'Heap': 512}, {'Spout': 1, 'Split': 2, 'Count': 12, 'Buffer_size': 5240000.0, 'Heap': 512}, {'Spout': 1, 'Split': 2, 'Count': 12, 'Buffer_size': 5240000.0, 'Heap': 512}, {'Spout': 1, 'Split': 2, 'Count': 12, 'Buffer_size': 105000000.0, 'Heap': 2048}, {'Spout': 1, 'Split': 2, 'Count': 12, 'Buffer_size': 1050000.0, 'Heap': 2048}, {'Spout': 1, 'Split': 2, 'Count': 6, 'Buffer_size': 262000.0, 'Heap': 1024}, {'Spout': 3, 'Split': 6, 'Count': 12, 'Buffer_size': 5240000.0, 'Heap': 2048}, {'Spout': 3, 'Split': 6, 'Count': 12, 'Buffer_size': 5240000.0, 'Heap': 2048}, {'Spout': 3, 'Split': 6, 'Count': 12, 'Buffer_size': 10500000.0, 'Heap': 1024}, {'Spout': 3, 'Split': 6, 'Count': 12, 'Buffer_size': 5240000.0, 'Heap': 512}, {'Spout': 3, 'Split': 6, 'Count': 12, 'Buffer_size': 5240000.0, 'Heap': 2048}, {'Spout': 1, 'Split': 2, 'Count': 12, 'Buffer_size': 105000000.0, 'Heap': 512}, {'Spout': 1, 'Split': 2, 'Count': 12, 'Buffer_size': 105000000.0, 'Heap': 2048}, {'Spout': 1, 'Split': 2, 'Count': 12, 'Buffer_size': 105000000.0, 'Heap': 512}, {'Spout': 1, 'Split': 2, 'Count': 12, 'Buffer_size': 1050000.0, 'Heap': 512}, {'Spout': 1, 'Split': 2, 'Count': 9, 'Buffer_size': 105000000.0, 'Heap': 2048}, {'Spout': 1, 'Split': 2, 'Count': 12, 'Buffer_size': 105000000.0, 'Heap': 512}
0.01592322268422131, 0.10409365761343324, 0.23775197904992254, 0.016767980467558712, 0.0, 0.0, 0.01592322268422131, 0.02628393512052983, 0.12016064724801254, 0.23775197904992254, 0.23775197904992254, 0.23756918589154716, 0.24687558819368569, 0.23775197904992254, 0.016767980467558712, 0.01592322268422131, 0.016767980467558712, 0.004885495408456998, 0.035719561659757766, 0.016767980467558712
0.10239958763122559, 0.10774040222167969, 0.11770033836364746, 0.11985015869140625, 0.1071312427520752, 0.13422822952270508, 0.12426328659057617, 0.12268924713134766, 0.08365488052368164, 0.09894633293151855, 0.0968165397644043, 0.10166358947753906, 0.10572528839111328, 0.11308073997497559, 0.09766030311584473, 0.10880446434020996, 0.09310269355773926, 0.11564350128173828, 0.09600210189819336, 0.11890029907226562