{'Max_spout': 1, 'Spliters': 6, 'Counters': 18}, {'Max_spout': 1, 'Spliters': 1, 'Counters': 18}, {'Max_spout': 1, 'Spliters': 1, 'Counters': 18}, {'Max_spout': 1, 'Spliters': 1, 'Counters': 18}, {'Max_spout': 1, 'Spliters': 1, 'Counters': 18}, {'Max_spout': 1, 'Spliters': 1, 'Counters': 18}, {'Max_spout': 1, 'Spliters': 1, 'Counters': 18}, {'Max_spout': 1, 'Spliters': 6, 'Counters': 18}, {'Max_spout': 1, 'Spliters': 1, 'Counters': 18}, {'Max_spout': 1, 'Spliters': 6, 'Counters': 18}, {'Max_spout': 1, 'Spliters': 1, 'Counters': 18}, {'Max_spout': 1, 'Spliters': 2, 'Counters': 12}, {'Max_spout': 1, 'Spliters': 1, 'Counters': 1}, {'Max_spout': 1, 'Spliters': 1, 'Counters': 18}, {'Max_spout': 1, 'Spliters': 1, 'Counters': 18}, {'Max_spout': 1, 'Spliters': 1, 'Counters': 15}, {'Max_spout': 1, 'Spliters': 1, 'Counters': 18}, {'Max_spout': 1, 'Spliters': 1, 'Counters': 1}, {'Max_spout': 1, 'Spliters': 6, 'Counters': 18}, {'Max_spout': 1, 'Spliters': 1, 'Counters': 18}
0.010017821857759856, 0.0015707897696077134, 0.0015707897696077134, 0.0015707897696077134, 0.0015707897696077134, 0.0015707897696077134, 0.0015707897696077134, 0.010017821857759856, 0.0015707897696077134, 0.010017821857759856, 0.0015707897696077134, 0.0060379984321462885, 0.004807791117257254, 0.0015707897696077134, 0.0015707897696077134, 0.0021653410375433433, 0.0015707897696077134, 0.004807791117257254, 0.010017821857759856, 0.0015707897696077134
0.022530317306518555, 0.022600650787353516, 0.028222084045410156, 0.02808666229248047, 0.02259230613708496, 0.023395776748657227, 0.020315885543823242, 0.025799036026000977, 0.023842811584472656, 0.02500748634338379, 0.026494979858398438, 0.028115510940551758, 0.022891759872436523, 0.024275779724121094, 0.024361371994018555, 0.026076793670654297, 0.020972013473510742, 0.025674819946289062, 0.027617931365966797, 0.017947912216186523