{'Max_spout': 1, 'Spliters': 6, 'Counters': 18}, {'Max_spout': 1, 'Spliters': 1, 'Counters': 1}, {'Max_spout': 1, 'Spliters': 1, 'Counters': 18}, {'Max_spout': 1, 'Spliters': 1, 'Counters': 18}, {'Max_spout': 1, 'Spliters': 1, 'Counters': 18}, {'Max_spout': 1, 'Spliters': 1, 'Counters': 18}, {'Max_spout': 1, 'Spliters': 1, 'Counters': 18}, {'Max_spout': 1, 'Spliters': 6, 'Counters': 18}, {'Max_spout': 1, 'Spliters': 1, 'Counters': 18}, {'Max_spout': 1, 'Spliters': 1, 'Counters': 18}, {'Max_spout': 1, 'Spliters': 6, 'Counters': 18}, {'Max_spout': 1, 'Spliters': 2, 'Counters': 12}, {'Max_spout': 1, 'Spliters': 1, 'Counters': 1}, {'Max_spout': 1, 'Spliters': 1, 'Counters': 18}, {'Max_spout': 1, 'Spliters': 1, 'Counters': 18}, {'Max_spout': 1, 'Spliters': 1, 'Counters': 15}, {'Max_spout': 1, 'Spliters': 6, 'Counters': 18}, {'Max_spout': 1, 'Spliters': 1, 'Counters': 18}, {'Max_spout': 1, 'Spliters': 1, 'Counters': 1}, {'Max_spout': 1, 'Spliters': 1, 'Counters': 18}
0.010017821857759856, 0.004807791117257254, 0.0015707897696077134, 0.0015707897696077134, 0.0015707897696077134, 0.0015707897696077134, 0.0015707897696077134, 0.010017821857759856, 0.0015707897696077134, 0.0015707897696077134, 0.010017821857759856, 0.0060379984321462885, 0.004807791117257254, 0.0015707897696077134, 0.0015707897696077134, 0.0021653410375433433, 0.010017821857759856, 0.0015707897696077134, 0.004807791117257254, 0.0015707897696077134
0.01635432243347168, 0.016944408416748047, 0.02095961570739746, 0.02544379234313965, 0.021672964096069336, 0.021332263946533203, 0.021610736846923828, 0.020637989044189453, 0.014791488647460938, 0.021815776824951172, 0.02088618278503418, 0.018591642379760742, 0.015725135803222656, 0.01513981819152832, 0.017017364501953125, 0.01878643035888672, 0.018566608428955078, 0.01735663414001465, 0.018955707550048828, 0.016911745071411133