{'Max_spout': 1, 'Spliters': 6, 'Counters': 18}, {'Max_spout': 1, 'Spliters': 1, 'Counters': 12}, {'Max_spout': 1, 'Spliters': 1, 'Counters': 12}, {'Max_spout': 1, 'Spliters': 1, 'Counters': 18}, {'Max_spout': 1, 'Spliters': 1, 'Counters': 18}, {'Max_spout': 1, 'Spliters': 1, 'Counters': 12}, {'Max_spout': 1, 'Spliters': 1, 'Counters': 12}, {'Max_spout': 1, 'Spliters': 1, 'Counters': 18}, {'Max_spout': 1, 'Spliters': 1, 'Counters': 18}, {'Max_spout': 1, 'Spliters': 1, 'Counters': 12}, {'Max_spout': 1, 'Spliters': 6, 'Counters': 18}, {'Max_spout': 1, 'Spliters': 1, 'Counters': 18}, {'Max_spout': 1, 'Spliters': 1, 'Counters': 6}, {'Max_spout': 1, 'Spliters': 1, 'Counters': 12}, {'Max_spout': 1, 'Spliters': 1, 'Counters': 18}, {'Max_spout': 1, 'Spliters': 1, 'Counters': 12}, {'Max_spout': 1, 'Spliters': 1, 'Counters': 12}, {'Max_spout': 1, 'Spliters': 2, 'Counters': 1}, {'Max_spout': 1, 'Spliters': 6, 'Counters': 18}, {'Max_spout': 1, 'Spliters': 1, 'Counters': 12}
0.010017821857759856, 0.0, 0.0, 0.0015707897696077134, 0.0015707897696077134, 0.0, 0.0, 0.0015707897696077134, 0.0015707897696077134, 0.0, 0.010017821857759856, 0.0015707897696077134, 0.0033617837125249194, 0.0, 0.0015707897696077134, 0.0, 0.0, 0.0034219728532295193, 0.010017821857759856, 0.0
0.08842921257019043, 0.09017252922058105, 0.09065747261047363, 0.08743810653686523, 0.0955660343170166, 0.09530377388000488, 0.11412239074707031, 0.12805461883544922, 0.10326457023620605, 0.1266160011291504, 0.1287240982055664, 0.11583447456359863, 0.09142923355102539, 0.10217618942260742, 0.10321474075317383, 0.09433794021606445, 0.0916438102722168, 0.0899665355682373, 0.1562039852142334, 0.1546475887298584