{'Max_spout': 1, 'Spliters': 3, 'Counters': 12}, {'Max_spout': 1, 'Spliters': 1, 'Counters': 18}, {'Max_spout': 100000.0, 'Spliters': 1, 'Counters': 3}, {'Max_spout': 1, 'Spliters': 3, 'Counters': 18}, {'Max_spout': 1, 'Spliters': 6, 'Counters': 15}, {'Max_spout': 10, 'Spliters': 6, 'Counters': 18}, {'Max_spout': 1, 'Spliters': 6, 'Counters': 15}, {'Max_spout': 1, 'Spliters': 3, 'Counters': 9}, {'Max_spout': 1, 'Spliters': 6, 'Counters': 12}, {'Max_spout': 1, 'Spliters': 2, 'Counters': 12}, {'Max_spout': 10, 'Spliters': 1, 'Counters': 3}, {'Max_spout': 1, 'Spliters': 6, 'Counters': 1}, {'Max_spout': 10, 'Spliters': 1, 'Counters': 1}, {'Max_spout': 10, 'Spliters': 1, 'Counters': 3}, {'Max_spout': 1, 'Spliters': 3, 'Counters': 18}, {'Max_spout': 1, 'Spliters': 2, 'Counters': 18}, {'Max_spout': 100, 'Spliters': 6, 'Counters': 1}, {'Max_spout': 1, 'Spliters': 2, 'Counters': 1}, {'Max_spout': 100, 'Spliters': 3, 'Counters': 18}, {'Max_spout': 1, 'Spliters': 2, 'Counters': 1}
0.012569254212505845, 0.0015707897696077134, 0.20827791528305042, 0.01299204622526006, 0.010632925515204367, 0.22115251928254542, 0.010632925515204367, 0.014429245463060023, 0.012412175235545064, 0.0060379984321462885, 0.15225797359311552, 0.015315934267586241, 0.07341166729791863, 0.15225797359311552, 0.01299204622526006, 0.004859172091029469, 0.09089441063087027, 0.0034219728532295193, 0.2483844353818193, 0.0034219728532295193
0.011017799377441406, 0.012247323989868164, 0.01024770736694336, 0.014719247817993164, 0.010138750076293945, 0.009931802749633789, 0.010173559188842773, 0.014842748641967773, 0.00877070426940918, 0.006368160247802734, 0.014711856842041016, 0.013583660125732422, 0.008853435516357422, 0.008861303329467773, 0.0070362091064453125, 0.0071980953216552734, 0.006397247314453125, 0.009582281112670898, 0.009780645370483398, 0.007277250289916992