{'Max_spout': 1, 'Spliters': 1, 'Counters': 18}, {'Max_spout': 1, 'Spliters': 1, 'Counters': 18}, {'Max_spout': 1, 'Spliters': 6, 'Counters': 18}, {'Max_spout': 1, 'Spliters': 1, 'Counters': 18}, {'Max_spout': 1, 'Spliters': 1, 'Counters': 18}, {'Max_spout': 1, 'Spliters': 1, 'Counters': 18}, {'Max_spout': 1, 'Spliters': 1, 'Counters': 18}, {'Max_spout': 1, 'Spliters': 6, 'Counters': 18}, {'Max_spout': 1, 'Spliters': 6, 'Counters': 18}, {'Max_spout': 1, 'Spliters': 1, 'Counters': 18}, {'Max_spout': 1, 'Spliters': 1, 'Counters': 18}, {'Max_spout': 1, 'Spliters': 1, 'Counters': 18}, {'Max_spout': 1, 'Spliters': 1, 'Counters': 18}, {'Max_spout': 1, 'Spliters': 2, 'Counters': 1}, {'Max_spout': 1, 'Spliters': 1, 'Counters': 18}, {'Max_spout': 1, 'Spliters': 1, 'Counters': 18}, {'Max_spout': 1, 'Spliters': 1, 'Counters': 18}, {'Max_spout': 1, 'Spliters': 6, 'Counters': 18}, {'Max_spout': 1, 'Spliters': 1, 'Counters': 1}, {'Max_spout': 1, 'Spliters': 1, 'Counters': 12}
0.0015707897696077134, 0.0015707897696077134, 0.010017821857759856, 0.0015707897696077134, 0.0015707897696077134, 0.0015707897696077134, 0.0015707897696077134, 0.010017821857759856, 0.010017821857759856, 0.0015707897696077134, 0.0015707897696077134, 0.0015707897696077134, 0.0015707897696077134, 0.0034219728532295193, 0.0015707897696077134, 0.0015707897696077134, 0.0015707897696077134, 0.010017821857759856, 0.004807791117257254, 0.0
0.046532392501831055, 0.0432283878326416, 0.06156134605407715, 0.06480693817138672, 0.06032133102416992, 0.0610809326171875, 0.05209231376647949, 0.05892801284790039, 0.047296762466430664, 0.05803513526916504, 0.05707812309265137, 0.058234214782714844, 0.04958057403564453, 0.06905078887939453, 0.049462080001831055, 0.06364035606384277, 0.0472409725189209, 0.05903482437133789, 0.0524592399597168, 0.05752134323120117