{'Max_spout': 1, 'Spliters': 1, 'Counters': 18}, {'Max_spout': 1, 'Spliters': 3, 'Counters': 18}, {'Max_spout': 1, 'Spliters': 3, 'Counters': 12}, {'Max_spout': 1, 'Spliters': 1, 'Counters': 18}, {'Max_spout': 1, 'Spliters': 6, 'Counters': 18}, {'Max_spout': 1, 'Spliters': 6, 'Counters': 18}, {'Max_spout': 1, 'Spliters': 1, 'Counters': 18}, {'Max_spout': 1, 'Spliters': 6, 'Counters': 18}, {'Max_spout': 1, 'Spliters': 1, 'Counters': 1}, {'Max_spout': 1, 'Spliters': 6, 'Counters': 18}, {'Max_spout': 1, 'Spliters': 6, 'Counters': 18}, {'Max_spout': 1, 'Spliters': 2, 'Counters': 12}, {'Max_spout': 1, 'Spliters': 1, 'Counters': 1}, {'Max_spout': 1, 'Spliters': 1, 'Counters': 18}, {'Max_spout': 1, 'Spliters': 1, 'Counters': 18}, {'Max_spout': 1, 'Spliters': 3, 'Counters': 18}, {'Max_spout': 1, 'Spliters': 6, 'Counters': 18}, {'Max_spout': 1, 'Spliters': 2, 'Counters': 1}, {'Max_spout': 100, 'Spliters': 6, 'Counters': 1}, {'Max_spout': 1, 'Spliters': 1, 'Counters': 18}
0.0015707897696077134, 0.01299204622526006, 0.012569254212505845, 0.0015707897696077134, 0.010017821857759856, 0.010017821857759856, 0.0015707897696077134, 0.010017821857759856, 0.004807791117257254, 0.010017821857759856, 0.010017821857759856, 0.0060379984321462885, 0.004807791117257254, 0.0015707897696077134, 0.0015707897696077134, 0.01299204622526006, 0.010017821857759856, 0.0034219728532295193, 0.09089441063087027, 0.0015707897696077134
0.012006759643554688, 0.013822793960571289, 0.015250682830810547, 0.01577615737915039, 0.01259160041809082, 0.012599706649780273, 0.013612985610961914, 0.013329505920410156, 0.012667417526245117, 0.011316061019897461, 0.014229297637939453, 0.012909412384033203, 0.011245250701904297, 0.013620615005493164, 0.013199806213378906, 0.014142990112304688, 0.01068425178527832, 0.012141704559326172, 0.011945724487304688, 0.011126518249511719