{'Max_spout': 1, 'Spliters': 1, 'Counters': 18}, {'Max_spout': 1, 'Spliters': 1, 'Counters': 1}, {'Max_spout': 1, 'Spliters': 3, 'Counters': 12}, {'Max_spout': 1, 'Spliters': 1, 'Counters': 18}, {'Max_spout': 1, 'Spliters': 1, 'Counters': 18}, {'Max_spout': 1, 'Spliters': 1, 'Counters': 18}, {'Max_spout': 1, 'Spliters': 1, 'Counters': 18}, {'Max_spout': 1, 'Spliters': 6, 'Counters': 15}, {'Max_spout': 1, 'Spliters': 1, 'Counters': 18}, {'Max_spout': 1, 'Spliters': 1, 'Counters': 18}, {'Max_spout': 1, 'Spliters': 6, 'Counters': 12}, {'Max_spout': 1, 'Spliters': 2, 'Counters': 12}, {'Max_spout': 1, 'Spliters': 6, 'Counters': 1}, {'Max_spout': 1, 'Spliters': 1, 'Counters': 18}, {'Max_spout': 1, 'Spliters': 1, 'Counters': 18}, {'Max_spout': 1, 'Spliters': 6, 'Counters': 18}, {'Max_spout': 1, 'Spliters': 1, 'Counters': 15}, {'Max_spout': 1, 'Spliters': 2, 'Counters': 1}, {'Max_spout': 1, 'Spliters': 1, 'Counters': 1}, {'Max_spout': 1, 'Spliters': 2, 'Counters': 1}
0.0019564624347497123, 0.0023531105074919532, 0.010147161455849056, 0.0019564624347497123, 0.0019564624347497123, 0.0019564624347497123, 0.0019564624347497123, 0.01102581224989833, 0.0019564624347497123, 0.0019564624347497123, 0.010963888289174847, 0.004038446411506479, 0.014498574912093084, 0.0019564624347497123, 0.0019564624347497123, 0.01203333182707483, 0.0, 0.001904580197386812, 0.0023531105074919532, 0.001904580197386812
0.016329526901245117, 0.017469167709350586, 0.020096778869628906, 0.023737192153930664, 0.020214080810546875, 0.020897626876831055, 0.020480632781982422, 0.02238178253173828, 0.02020096778869629, 0.01700115203857422, 0.020846128463745117, 0.021854400634765625, 0.016426563262939453, 0.016644716262817383, 0.017256736755371094, 0.014724493026733398, 0.017862319946289062, 0.01570868492126465, 0.01584482192993164, 0.014087915420532227