{'Max_spout': 1, 'Spliters': 1, 'Counters': 18}, {'Max_spout': 1, 'Spliters': 3, 'Counters': 18}, {'Max_spout': 1, 'Spliters': 3, 'Counters': 12}, {'Max_spout': 100000.0, 'Spliters': 1, 'Counters': 3}, {'Max_spout': 1, 'Spliters': 6, 'Counters': 15}, {'Max_spout': 1, 'Spliters': 3, 'Counters': 9}, {'Max_spout': 10, 'Spliters': 6, 'Counters': 18}, {'Max_spout': 1, 'Spliters': 6, 'Counters': 15}, {'Max_spout': 10, 'Spliters': 1, 'Counters': 3}, {'Max_spout': 1, 'Spliters': 6, 'Counters': 12}, {'Max_spout': 1, 'Spliters': 2, 'Counters': 12}, {'Max_spout': 1, 'Spliters': 6, 'Counters': 1}, {'Max_spout': 10, 'Spliters': 6, 'Counters': 1}, {'Max_spout': 10, 'Spliters': 1, 'Counters': 1}, {'Max_spout': 1, 'Spliters': 2, 'Counters': 18}, {'Max_spout': 1, 'Spliters': 3, 'Counters': 18}, {'Max_spout': 100000.0, 'Spliters': 3, 'Counters': 6}, {'Max_spout': 1, 'Spliters': 2, 'Counters': 1}, {'Max_spout': 100, 'Spliters': 6, 'Counters': 1}, {'Max_spout': 1, 'Spliters': 2, 'Counters': 1}
0.0019564624347497123, 0.01021912713993308, 0.010147161455849056, 0.22220158090198108, 0.01102581224989833, 0.01109443069286217, 0.22951530274959125, 0.01102581224989833, 0.14571712130569184, 0.010963888289174847, 0.004038446411506479, 0.014498574912093084, 0.06051477221187367, 0.05876918596769578, 0.004127148301191441, 0.01021912713993308, 0.2246450669197181, 0.001904580197386812, 0.07788193276396761, 0.001904580197386812
0.009966850280761719, 0.012438297271728516, 0.013489484786987305, 0.01026010513305664, 0.006861448287963867, 0.009292125701904297, 0.009482383728027344, 0.00819087028503418, 0.007168292999267578, 0.005991935729980469, 0.00638127326965332, 0.008502483367919922, 0.007223606109619141, 0.0075304508209228516, 0.005776882171630859, 0.007898569107055664, 0.006929636001586914, 0.006234645843505859, 0.0069217681884765625, 0.007501363754272461