{'Max_spout': 1, 'Spliters': 1, 'Counters': 18}, {'Max_spout': 1, 'Spliters': 3, 'Counters': 12}, {'Max_spout': 1, 'Spliters': 3, 'Counters': 18}, {'Max_spout': 1, 'Spliters': 1, 'Counters': 18}, {'Max_spout': 1, 'Spliters': 3, 'Counters': 9}, {'Max_spout': 1, 'Spliters': 6, 'Counters': 15}, {'Max_spout': 1, 'Spliters': 6, 'Counters': 15}, {'Max_spout': 1, 'Spliters': 1, 'Counters': 18}, {'Max_spout': 1, 'Spliters': 1, 'Counters': 1}, {'Max_spout': 1, 'Spliters': 6, 'Counters': 12}, {'Max_spout': 1, 'Spliters': 6, 'Counters': 18}, {'Max_spout': 1, 'Spliters': 2, 'Counters': 12}, {'Max_spout': 1, 'Spliters': 1, 'Counters': 18}, {'Max_spout': 1, 'Spliters': 1, 'Counters': 18}, {'Max_spout': 1, 'Spliters': 6, 'Counters': 1}, {'Max_spout': 1, 'Spliters': 3, 'Counters': 18}, {'Max_spout': 1, 'Spliters': 6, 'Counters': 18}, {'Max_spout': 100, 'Spliters': 6, 'Counters': 1}, {'Max_spout': 1, 'Spliters': 2, 'Counters': 1}, {'Max_spout': 1, 'Spliters': 2, 'Counters': 1}
0.0019564624347497123, 0.010147161455849056, 0.01021912713993308, 0.0019564624347497123, 0.01109443069286217, 0.01102581224989833, 0.01102581224989833, 0.0019564624347497123, 0.0023531105074919532, 0.010963888289174847, 0.01203333182707483, 0.004038446411506479, 0.0019564624347497123, 0.0019564624347497123, 0.014498574912093084, 0.01021912713993308, 0.01203333182707483, 0.07788193276396761, 0.001904580197386812, 0.001904580197386812
0.01229095458984375, 0.013297080993652344, 0.013543128967285156, 0.011769533157348633, 0.013694047927856445, 0.009247303009033203, 0.017682313919067383, 0.021536588668823242, 0.012814998626708984, 0.013765096664428711, 0.010703563690185547, 0.014792680740356445, 0.014287710189819336, 0.016517162322998047, 0.019114255905151367, 0.018067598342895508, 0.013161659240722656, 0.01219487190246582, 0.015034198760986328, 0.010857820510864258