{'Max_spout': 1, 'Spliters': 1, 'Counters': 18}, {'Max_spout': 1, 'Spliters': 1, 'Counters': 18}, {'Max_spout': 1, 'Spliters': 1, 'Counters': 18}, {'Max_spout': 1, 'Spliters': 3, 'Counters': 12}, {'Max_spout': 1, 'Spliters': 1, 'Counters': 18}, {'Max_spout': 1, 'Spliters': 1, 'Counters': 18}, {'Max_spout': 1, 'Spliters': 1, 'Counters': 18}, {'Max_spout': 1, 'Spliters': 6, 'Counters': 15}, {'Max_spout': 1, 'Spliters': 6, 'Counters': 12}, {'Max_spout': 1, 'Spliters': 2, 'Counters': 12}, {'Max_spout': 1, 'Spliters': 1, 'Counters': 18}, {'Max_spout': 1, 'Spliters': 1, 'Counters': 18}, {'Max_spout': 1, 'Spliters': 1, 'Counters': 15}, {'Max_spout': 1, 'Spliters': 1, 'Counters': 18}, {'Max_spout': 1, 'Spliters': 6, 'Counters': 1}, {'Max_spout': 1, 'Spliters': 1, 'Counters': 18}, {'Max_spout': 1, 'Spliters': 6, 'Counters': 18}, {'Max_spout': 1, 'Spliters': 2, 'Counters': 1}, {'Max_spout': 1, 'Spliters': 1, 'Counters': 1}, {'Max_spout': 1, 'Spliters': 2, 'Counters': 1}
0.0019564624347497123, 0.0019564624347497123, 0.0019564624347497123, 0.010147161455849056, 0.0019564624347497123, 0.0019564624347497123, 0.0019564624347497123, 0.01102581224989833, 0.010963888289174847, 0.004038446411506479, 0.0019564624347497123, 0.0019564624347497123, 0.0, 0.0019564624347497123, 0.014498574912093084, 0.0019564624347497123, 0.01203333182707483, 0.001904580197386812, 0.0023531105074919532, 0.001904580197386812
0.023396015167236328, 0.02278304100036621, 0.026298999786376953, 0.027217626571655273, 0.022136211395263672, 0.01923680305480957, 0.02004384994506836, 0.021327495574951172, 0.023217439651489258, 0.020036697387695312, 0.024257421493530273, 0.02513861656188965, 0.018778324127197266, 0.02207207679748535, 0.030961990356445312, 0.031220197677612305, 0.027771472930908203, 0.0260164737701416, 0.02074432373046875, 0.02120828628540039