{'Max_spout': 1, 'Spliters': 1, 'Counters': 18}, {'Max_spout': 1, 'Spliters': 2, 'Counters': 1}, {'Max_spout': 1, 'Spliters': 6, 'Counters': 9}, {'Max_spout': 1, 'Spliters': 1, 'Counters': 15}, {'Max_spout': 1, 'Spliters': 1, 'Counters': 15}, {'Max_spout': 1, 'Spliters': 1, 'Counters': 15}, {'Max_spout': 1, 'Spliters': 1, 'Counters': 15}, {'Max_spout': 1, 'Spliters': 1, 'Counters': 15}, {'Max_spout': 1, 'Spliters': 1, 'Counters': 15}, {'Max_spout': 1, 'Spliters': 6, 'Counters': 9}, {'Max_spout': 1, 'Spliters': 1, 'Counters': 18}, {'Max_spout': 1, 'Spliters': 1, 'Counters': 18}, {'Max_spout': 1, 'Spliters': 2, 'Counters': 1}, {'Max_spout': 1, 'Spliters': 1, 'Counters': 15}, {'Max_spout': 1, 'Spliters': 1, 'Counters': 9}, {'Max_spout': 1, 'Spliters': 2, 'Counters': 1}, {'Max_spout': 1, 'Spliters': 6, 'Counters': 9}, {'Max_spout': 1, 'Spliters': 1, 'Counters': 15}, {'Max_spout': 1, 'Spliters': 1, 'Counters': 15}, {'Max_spout': 1, 'Spliters': 1, 'Counters': 9}
0.0019564624347497123, 0.001904580197386812, 0.009792353897109146, 0.0, 0.0, 0.0, 0.0, 0.0, 0.0, 0.009792353897109146, 0.0019564624347497123, 0.0019564624347497123, 0.001904580197386812, 0.0, 0.0012736252462314235, 0.001904580197386812, 0.009792353897109146, 0.0, 0.0, 0.0012736252462314235
0.11077642440795898, 0.11310553550720215, 0.11555123329162598, 0.1092374324798584, 0.10791850090026855, 0.12513041496276855, 0.14036226272583008, 0.14070653915405273, 0.12941837310791016, 0.1361076831817627, 0.1241457462310791, 0.15301203727722168, 0.11942839622497559, 0.12820076942443848, 0.164154052734375, 0.17174267768859863, 0.1340019702911377, 0.12627458572387695, 0.11800003051757812, 0.1241300106048584