{'Max_spout': 1, 'Spliters': 1, 'Counters': 18}, {'Max_spout': 1, 'Spliters': 2, 'Counters': 1}, {'Max_spout': 1, 'Spliters': 1, 'Counters': 18}, {'Max_spout': 1, 'Spliters': 3, 'Counters': 12}, {'Max_spout': 1, 'Spliters': 1, 'Counters': 15}, {'Max_spout': 1, 'Spliters': 1, 'Counters': 15}, {'Max_spout': 1, 'Spliters': 1, 'Counters': 15}, {'Max_spout': 1, 'Spliters': 1, 'Counters': 15}, {'Max_spout': 1, 'Spliters': 6, 'Counters': 9}, {'Max_spout': 1, 'Spliters': 1, 'Counters': 18}, {'Max_spout': 1, 'Spliters': 1, 'Counters': 18}, {'Max_spout': 1, 'Spliters': 1, 'Counters': 18}, {'Max_spout': 1, 'Spliters': 1, 'Counters': 1}, {'Max_spout': 1, 'Spliters': 1, 'Counters': 18}, {'Max_spout': 1, 'Spliters': 2, 'Counters': 1}, {'Max_spout': 1, 'Spliters': 1, 'Counters': 15}, {'Max_spout': 1, 'Spliters': 6, 'Counters': 18}, {'Max_spout': 1, 'Spliters': 2, 'Counters': 1}, {'Max_spout': 1, 'Spliters': 1, 'Counters': 3}, {'Max_spout': 1, 'Spliters': 1, 'Counters': 9}
0.0019564624347497123, 0.001904580197386812, 0.0019564624347497123, 0.010147161455849056, 0.0, 0.0, 0.0, 0.0, 0.009792353897109146, 0.0019564624347497123, 0.0019564624347497123, 0.0019564624347497123, 0.0023531105074919532, 0.0019564624347497123, 0.001904580197386812, 0.0, 0.01203333182707483, 0.001904580197386812, 0.0019296845057882198, 0.0012736252462314235
0.04481220245361328, 0.04737043380737305, 0.049959421157836914, 0.056511878967285156, 0.04719114303588867, 0.04637908935546875, 0.0863504409790039, 0.10065484046936035, 0.10865092277526855, 0.12101531028747559, 0.05850625038146973, 0.080535888671875, 0.05750250816345215, 0.06083536148071289, 0.06357431411743164, 0.0715787410736084, 0.07439589500427246, 0.06348419189453125, 0.05404472351074219, 0.05661654472351074