{'Max_spout': 1, 'Spliters': 1, 'Counters': 18}, {'Max_spout': 1, 'Spliters': 1, 'Counters': 18}, {'Max_spout': 1, 'Spliters': 3, 'Counters': 12}, {'Max_spout': 1, 'Spliters': 1, 'Counters': 18}, {'Max_spout': 1, 'Spliters': 1, 'Counters': 18}, {'Max_spout': 1, 'Spliters': 1, 'Counters': 18}, {'Max_spout': 1, 'Spliters': 1, 'Counters': 18}, {'Max_spout': 1, 'Spliters': 6, 'Counters': 15}, {'Max_spout': 1, 'Spliters': 6, 'Counters': 15}, {'Max_spout': 1, 'Spliters': 1, 'Counters': 18}, {'Max_spout': 1, 'Spliters': 1, 'Counters': 18}, {'Max_spout': 1, 'Spliters': 1, 'Counters': 18}, {'Max_spout': 1, 'Spliters': 1, 'Counters': 18}, {'Max_spout': 1, 'Spliters': 1, 'Counters': 18}, {'Max_spout': 1, 'Spliters': 1, 'Counters': 18}, {'Max_spout': 1, 'Spliters': 1, 'Counters': 15}, {'Max_spout': 1, 'Spliters': 6, 'Counters': 18}, {'Max_spout': 1, 'Spliters': 1, 'Counters': 18}, {'Max_spout': 1, 'Spliters': 1, 'Counters': 1}, {'Max_spout': 1, 'Spliters': 1, 'Counters': 18}
0.0, 0.0, 0.009127238161749021, 0.0, 0.0, 0.0, 0.0, 0.011018642456691697, 0.011018642456691697, 0.0, 0.0, 0.0, 0.0, 0.0, 0.0, 0.003716528610318993, 0.011702457855632514, 0.0, 0.004705878549212082, 0.0
0.04533195495605469, 0.05321216583251953, 0.05675864219665527, 0.06474995613098145, 0.061537742614746094, 0.06692004203796387, 0.06275272369384766, 0.07227587699890137, 0.047496795654296875, 0.04932260513305664, 0.05434083938598633, 0.061586618423461914, 0.0588991641998291, 0.0625760555267334, 0.0591733455657959, 0.053769588470458984, 0.06757307052612305, 0.07414650917053223, 0.06816816329956055, 0.06380248069763184