{'Max_spout': 1, 'Spliters': 1, 'Counters': 18}, {'Max_spout': 1, 'Spliters': 6, 'Counters': 18}, {'Max_spout': 1, 'Spliters': 6, 'Counters': 1}, {'Max_spout': 1, 'Spliters': 3, 'Counters': 12}, {'Max_spout': 1, 'Spliters': 6, 'Counters': 15}, {'Max_spout': 1, 'Spliters': 6, 'Counters': 15}, {'Max_spout': 1, 'Spliters': 6, 'Counters': 18}, {'Max_spout': 1, 'Spliters': 1, 'Counters': 18}, {'Max_spout': 1, 'Spliters': 6, 'Counters': 18}, {'Max_spout': 1, 'Spliters': 6, 'Counters': 18}, {'Max_spout': 1, 'Spliters': 1, 'Counters': 1}, {'Max_spout': 1, 'Spliters': 2, 'Counters': 12}, {'Max_spout': 1, 'Spliters': 1, 'Counters': 18}, {'Max_spout': 1, 'Spliters': 6, 'Counters': 1}, {'Max_spout': 1, 'Spliters': 1, 'Counters': 18}, {'Max_spout': 1, 'Spliters': 3, 'Counters': 9}, {'Max_spout': 100, 'Spliters': 6, 'Counters': 1}, {'Max_spout': 1, 'Spliters': 2, 'Counters': 1}, {'Max_spout': 1, 'Spliters': 6, 'Counters': 1}, {'Max_spout': 1, 'Spliters': 1, 'Counters': 18}
0.0, 0.011702457855632514, 0.015195897754240302, 0.009127238161749021, 0.011018642456691697, 0.011018642456691697, 0.011702457855632514, 0.0, 0.011702457855632514, 0.011702457855632514, 0.004705878549212082, 0.005236118385743023, 0.0, 0.015195897754240302, 0.0, 0.013299643704695205, 0.0848739387120345, 0.005342812986996191, 0.015195897754240302, 0.0
0.010976791381835938, 0.011069297790527344, 0.013116598129272461, 0.01369786262512207, 0.012033462524414062, 0.013460397720336914, 0.018502473831176758, 0.021160125732421875, 0.011447429656982422, 0.012222528457641602, 0.01838850975036621, 0.015931367874145508, 0.009816646575927734, 0.012941837310791016, 0.02056598663330078, 0.04915738105773926, 0.04775500297546387, 0.05778360366821289, 0.061682701110839844, 0.020551443099975586