{'Max_spout': 1, 'Spliters': 3, 'Counters': 12}, {'Max_spout': 1, 'Spliters': 6, 'Counters': 18}, {'Max_spout': 1, 'Spliters': 1, 'Counters': 18}, {'Max_spout': 1, 'Spliters': 1, 'Counters': 18}, {'Max_spout': 1, 'Spliters': 1, 'Counters': 18}, {'Max_spout': 1, 'Spliters': 1, 'Counters': 18}, {'Max_spout': 1, 'Spliters': 6, 'Counters': 15}, {'Max_spout': 1, 'Spliters': 1, 'Counters': 18}, {'Max_spout': 1, 'Spliters': 1, 'Counters': 18}, {'Max_spout': 1, 'Spliters': 1, 'Counters': 18}, {'Max_spout': 1, 'Spliters': 6, 'Counters': 15}, {'Max_spout': 1, 'Spliters': 2, 'Counters': 12}, {'Max_spout': 1, 'Spliters': 6, 'Counters': 1}, {'Max_spout': 1, 'Spliters': 1, 'Counters': 18}, {'Max_spout': 1, 'Spliters': 1, 'Counters': 18}, {'Max_spout': 1, 'Spliters': 1, 'Counters': 15}, {'Max_spout': 1, 'Spliters': 6, 'Counters': 18}, {'Max_spout': 1, 'Spliters': 1, 'Counters': 1}, {'Max_spout': 1, 'Spliters': 1, 'Counters': 18}, {'Max_spout': 1, 'Spliters': 1, 'Counters': 18}
0.009127238161749021, 0.011702457855632514, 0.0, 0.0, 0.0, 0.0, 0.011018642456691697, 0.0, 0.0, 0.0, 0.011018642456691697, 0.005236118385743023, 0.015195897754240302, 0.0, 0.0, 0.003716528610318993, 0.011702457855632514, 0.004705878549212082, 0.0, 0.0
0.02034759521484375, 0.020082473754882812, 0.027122020721435547, 0.031190872192382812, 0.027307748794555664, 0.027373313903808594, 0.0239408016204834, 0.033225059509277344, 0.024396419525146484, 0.02186131477355957, 0.021857738494873047, 0.026999473571777344, 0.020859479904174805, 0.02913808822631836, 0.031012773513793945, 0.02640986442565918, 0.022866487503051758, 0.020022869110107422, 0.020998477935791016, 0.018498659133911133