{'Max_spout': 1, 'Spliters': 1, 'Counters': 18}, {'Max_spout': 1, 'Spliters': 1, 'Counters': 1}, {'Max_spout': 1, 'Spliters': 3, 'Counters': 12}, {'Max_spout': 1, 'Spliters': 6, 'Counters': 18}, {'Max_spout': 1, 'Spliters': 1, 'Counters': 18}, {'Max_spout': 1, 'Spliters': 6, 'Counters': 15}, {'Max_spout': 1, 'Spliters': 1, 'Counters': 18}, {'Max_spout': 1, 'Spliters': 1, 'Counters': 18}, {'Max_spout': 1, 'Spliters': 1, 'Counters': 18}, {'Max_spout': 1, 'Spliters': 6, 'Counters': 18}, {'Max_spout': 1, 'Spliters': 1, 'Counters': 18}, {'Max_spout': 1, 'Spliters': 2, 'Counters': 12}, {'Max_spout': 1, 'Spliters': 1, 'Counters': 18}, {'Max_spout': 1, 'Spliters': 6, 'Counters': 1}, {'Max_spout': 1, 'Spliters': 1, 'Counters': 18}, {'Max_spout': 1, 'Spliters': 1, 'Counters': 15}, {'Max_spout': 1, 'Spliters': 1, 'Counters': 18}, {'Max_spout': 1, 'Spliters': 1, 'Counters': 18}, {'Max_spout': 1, 'Spliters': 6, 'Counters': 18}, {'Max_spout': 1, 'Spliters': 1, 'Counters': 1}
0.0, 0.004705878549212082, 0.009127238161749021, 0.011702457855632514, 0.0, 0.011018642456691697, 0.0, 0.0, 0.0, 0.011702457855632514, 0.0, 0.005236118385743023, 0.0, 0.015195897754240302, 0.0, 0.003716528610318993, 0.0, 0.0, 0.011702457855632514, 0.004705878549212082
0.016828536987304688, 0.0177614688873291, 0.023899316787719727, 0.02433037757873535, 0.023828744888305664, 0.015415191650390625, 0.028382539749145508, 0.023174047470092773, 0.021692276000976562, 0.01917409896850586, 0.02074742317199707, 0.0230712890625, 0.016710519790649414, 0.02310633659362793, 0.017945289611816406, 0.016439437866210938, 0.01520395278930664, 0.014898538589477539, 0.023077964782714844, 0.02042555809020996