{'Max_spout': 1, 'Spliters': 1, 'Counters': 18}, {'Max_spout': 100, 'Spliters': 2, 'Counters': 3}, {'Max_spout': 1, 'Spliters': 3, 'Counters': 18}, {'Max_spout': 1, 'Spliters': 3, 'Counters': 12}, {'Max_spout': 1, 'Spliters': 6, 'Counters': 15}, {'Max_spout': 1, 'Spliters': 6, 'Counters': 15}, {'Max_spout': 10, 'Spliters': 6, 'Counters': 18}, {'Max_spout': 1, 'Spliters': 3, 'Counters': 9}, {'Max_spout': 1, 'Spliters': 6, 'Counters': 12}, {'Max_spout': 10, 'Spliters': 1, 'Counters': 3}, {'Max_spout': 1, 'Spliters': 6, 'Counters': 1}, {'Max_spout': 1, 'Spliters': 2, 'Counters': 12}, {'Max_spout': 10, 'Spliters': 1, 'Counters': 1}, {'Max_spout': 1, 'Spliters': 3, 'Counters': 9}, {'Max_spout': 1, 'Spliters': 2, 'Counters': 18}, {'Max_spout': 10, 'Spliters': 6, 'Counters': 1}, {'Max_spout': 1, 'Spliters': 2, 'Counters': 1}, {'Max_spout': 100, 'Spliters': 6, 'Counters': 1}, {'Max_spout': 100, 'Spliters': 1, 'Counters': 3}, {'Max_spout': 1, 'Spliters': 2, 'Counters': 1}
0.0, 0.23608282087593033, 0.015921744359735406, 0.009127238161749021, 0.011018642456691697, 0.011018642456691697, 0.23304364132508226, 0.013299643704695205, 0.014659191578239477, 0.14117312330662735, 0.015195897754240302, 0.005236118385743023, 0.06889723046680506, 0.013299643704695205, 0.004397110839524853, 0.05755042128201646, 0.005342812986996191, 0.0848739387120345, 0.18672848487199878, 0.005342812986996191
0.0184628963470459, 0.01519632339477539, 0.02073955535888672, 0.022308826446533203, 0.01019740104675293, 0.010451316833496094, 0.012862920761108398, 0.013465166091918945, 0.010053634643554688, 0.009956121444702148, 0.009169578552246094, 0.009432315826416016, 0.007310628890991211, 0.007409572601318359, 0.008890390396118164, 0.01124882698059082, 0.008459806442260742, 0.009937286376953125, 0.012433052062988281, 0.011075258255004883