{'Clndrs': 4, 'Volume': 85.0, 'Model': 80, 'origin': 3}, {'Clndrs': 4, 'Volume': 85.0, 'Model': 80, 'origin': 3}, {'Clndrs': 4, 'Volume': 85.0, 'Model': 76, 'origin': 1}, {'Clndrs': 4, 'Volume': 97.0, 'Model': 82, 'origin': 2}, {'Clndrs': 4, 'Volume': 97.0, 'Model': 82, 'origin': 2}, {'Clndrs': 4, 'Volume': 79.0, 'Model': 77, 'origin': 2}, {'Clndrs': 4, 'Volume': 97.0, 'Model': 82, 'origin': 2}, {'Clndrs': 4, 'Volume': 97.0, 'Model': 82, 'origin': 2}, {'Clndrs': 4, 'Volume': 97.0, 'Model': 82, 'origin': 2}, {'Clndrs': 4, 'Volume': 90.0, 'Model': 78, 'origin': 2}, {'Clndrs': 4, 'Volume': 97.0, 'Model': 82, 'origin': 2}, {'Clndrs': 4, 'Volume': 79.0, 'Model': 77, 'origin': 2}, {'Clndrs': 4, 'Volume': 97.0, 'Model': 82, 'origin': 2}, {'Clndrs': 4, 'Volume': 97.0, 'Model': 82, 'origin': 2}, {'Clndrs': 4, 'Volume': 85.0, 'Model': 80, 'origin': 2}, {'Clndrs': 4, 'Volume': 85.0, 'Model': 76, 'origin': 1}, {'Clndrs': 4, 'Volume': 90.0, 'Model': 78, 'origin': 2}, {'Clndrs': 4, 'Volume': 97.0, 'Model': 82, 'origin': 2}, {'Clndrs': 4, 'Volume': 97.0, 'Model': 82, 'origin': 2}, {'Clndrs': 4, 'Volume': 97.0, 'Model': 82, 'origin': 2}
0.25394722064135844, 0.25394722064135844, 0.30998225385304745, 0.16745989117220028, 0.16745989117220028, 0.2596851205899111, 0.16745989117220028, 0.16745989117220028, 0.16745989117220028, 0.19339815732352839, 0.16745989117220028, 0.2596851205899111, 0.16745989117220028, 0.16745989117220028, 0.2976352869025818, 0.30998225385304745, 0.19339815732352839, 0.16745989117220028, 0.16745989117220028, 0.16745989117220028
69.94297504425049,70.51047086715698,71.26433610916138,71.81772232055664,65.50375699996948,65.76963901519775,65.34948825836182,66.57473802566528,67.39583015441895,68.55623245239258,68.26379776000977,70.97820520401001,65.7715654373169,71.0936188697815,67.46697902679443,66.88327074050903,66.82580471038818,65.19410610198975,65.97249984741211,66.57322883605957
