{'Clndrs': 6, 'Volume': 262.0, 'Model': 82, 'origin': 1}, {'Clndrs': 4, 'Volume': 85.0, 'Model': 76, 'origin': 1}, {'Clndrs': 4, 'Volume': 85.0, 'Model': 80, 'origin': 3}, {'Clndrs': 4, 'Volume': 97.0, 'Model': 82, 'origin': 2}, {'Clndrs': 4, 'Volume': 90.0, 'Model': 78, 'origin': 2}, {'Clndrs': 4, 'Volume': 97.0, 'Model': 82, 'origin': 2}, {'Clndrs': 4, 'Volume': 85.0, 'Model': 76, 'origin': 1}, {'Clndrs': 4, 'Volume': 105.0, 'Model': 82, 'origin': 2}, {'Clndrs': 4, 'Volume': 89.0, 'Model': 80, 'origin': 3}, {'Clndrs': 5, 'Volume': 121.0, 'Model': 80, 'origin': 2}, {'Clndrs': 4, 'Volume': 141.0, 'Model': 79, 'origin': 2}, {'Clndrs': 5, 'Volume': 121.0, 'Model': 80, 'origin': 2}, {'Clndrs': 4, 'Volume': 91.0, 'Model': 78, 'origin': 3}, {'Clndrs': 5, 'Volume': 121.0, 'Model': 80, 'origin': 2}, {'Clndrs': 4, 'Volume': 98.0, 'Model': 71, 'origin': 1}, {'Clndrs': 4, 'Volume': 85.0, 'Model': 76, 'origin': 1}, {'Clndrs': 5, 'Volume': 121.0, 'Model': 80, 'origin': 2}, {'Clndrs': 4, 'Volume': 85.0, 'Model': 80, 'origin': 2}, {'Clndrs': 4, 'Volume': 90.0, 'Model': 78, 'origin': 2}, {'Clndrs': 4, 'Volume': 98.0, 'Model': 82, 'origin': 1}
0.38125731428387977, 0.30998225385304745, 0.25394722064135844, 0.16745989117220028, 0.19339815732352839, 0.16745989117220028, 0.30998225385304745, 0.36198096077750375, 0.25831625843393935, 0.31159152325128536, 0.3872631585390678, 0.31159152325128536, 0.3241969946908646, 0.31159152325128536, 0.3578925042330301, 0.30998225385304745, 0.31159152325128536, 0.2976352869025818, 0.19339815732352839, 0.30706763493134415
17.774198055267334,19.656412601470947,19.992005825042725,20.101299285888672,16.810555458068848,17.166123390197754,17.609679698944092,17.632954120635986,19.079954624176025,20.126328468322754,19.78551149368286,20.48578977584839,19.187674522399902,16.11595630645752,18.17347288131714,18.78356695175171,17.733886241912842,18.693785667419434,16.837542057037354,18.27239751815796
