{'Clndrs': 6, 'Volume': 262.0, 'Model': 82, 'origin': 1}, {'Clndrs': 4, 'Volume': 122.0, 'Model': 73, 'origin': 1}, {'Clndrs': 4, 'Volume': 85.0, 'Model': 76, 'origin': 3}, {'Clndrs': 4, 'Volume': 97.0, 'Model': 76, 'origin': 3}, {'Clndrs': 4, 'Volume': 90.0, 'Model': 78, 'origin': 2}, {'Clndrs': 4, 'Volume': 85.0, 'Model': 76, 'origin': 1}, {'Clndrs': 4, 'Volume': 122.0, 'Model': 74, 'origin': 1}, {'Clndrs': 4, 'Volume': 97.0, 'Model': 82, 'origin': 2}, {'Clndrs': 4, 'Volume': 85.0, 'Model': 76, 'origin': 1}, {'Clndrs': 6, 'Volume': 181.0, 'Model': 82, 'origin': 1}, {'Clndrs': 4, 'Volume': 98.0, 'Model': 76, 'origin': 1}, {'Clndrs': 4, 'Volume': 116.0, 'Model': 74, 'origin': 2}, {'Clndrs': 4, 'Volume': 156.0, 'Model': 80, 'origin': 1}, {'Clndrs': 5, 'Volume': 121.0, 'Model': 80, 'origin': 2}, {'Clndrs': 4, 'Volume': 97.0, 'Model': 71, 'origin': 3}, {'Clndrs': 4, 'Volume': 140.0, 'Model': 73, 'origin': 1}, {'Clndrs': 4, 'Volume': 97.0, 'Model': 70, 'origin': 2}, {'Clndrs': 4, 'Volume': 98.0, 'Model': 78, 'origin': 1}, {'Clndrs': 4, 'Volume': 140.0, 'Model': 76, 'origin': 1}, {'Clndrs': 5, 'Volume': 121.0, 'Model': 80, 'origin': 2}
0.38125731428387977, 0.49738583989062934, 0.3987424541225786, 0.4177778452301931, 0.19339815732352839, 0.30998225385304745, 0.42838252453376957, 0.16745989117220028, 0.30998225385304745, 0.4628266828506824, 0.4519346701983431, 0.48148234114407984, 0.4988264880968868, 0.31159152325128536, 0.46453291705154875, 0.48714865174821487, 0.3263298147356364, 0.415410653764108, 0.47300056534530033, 0.31159152325128536
4.290215969085693,5.158236026763916,5.183498859405518,5.313591957092285,3.4013915061950684,4.224269390106201,4.2909932136535645,4.460499286651611,4.035696983337402,3.5749006271362305,5.230493545532227,6.17131233215332,6.574814319610596,5.221586227416992,4.343960285186768,5.035436153411865,4.654960632324219,5.031790733337402,4.862627983093262,3.7500381469726562
