{'Clndrs': 6, 'Volume': 262.0, 'Model': 82, 'origin': 1}, {'Clndrs': 4, 'Volume': 97.0, 'Model': 76, 'origin': 3}, {'Clndrs': 4, 'Volume': 85.0, 'Model': 76, 'origin': 3}, {'Clndrs': 4, 'Volume': 86.0, 'Model': 80, 'origin': 3}, {'Clndrs': 4, 'Volume': 90.0, 'Model': 78, 'origin': 2}, {'Clndrs': 4, 'Volume': 85.0, 'Model': 76, 'origin': 1}, {'Clndrs': 4, 'Volume': 97.0, 'Model': 82, 'origin': 2}, {'Clndrs': 4, 'Volume': 122.0, 'Model': 74, 'origin': 1}, {'Clndrs': 4, 'Volume': 85.0, 'Model': 76, 'origin': 1}, {'Clndrs': 6, 'Volume': 181.0, 'Model': 82, 'origin': 1}, {'Clndrs': 4, 'Volume': 122.0, 'Model': 74, 'origin': 1}, {'Clndrs': 4, 'Volume': 116.0, 'Model': 74, 'origin': 2}, {'Clndrs': 4, 'Volume': 98.0, 'Model': 80, 'origin': 1}, {'Clndrs': 5, 'Volume': 121.0, 'Model': 80, 'origin': 2}, {'Clndrs': 4, 'Volume': 97.0, 'Model': 71, 'origin': 3}, {'Clndrs': 4, 'Volume': 140.0, 'Model': 76, 'origin': 1}, {'Clndrs': 4, 'Volume': 97.0, 'Model': 70, 'origin': 2}, {'Clndrs': 4, 'Volume': 146.0, 'Model': 80, 'origin': 2}, {'Clndrs': 5, 'Volume': 121.0, 'Model': 80, 'origin': 2}, {'Clndrs': 6, 'Volume': 181.0, 'Model': 82, 'origin': 1}
0.38125731428387977, 0.4177778452301931, 0.3987424541225786, 0.32952024266469904, 0.19339815732352839, 0.30998225385304745, 0.16745989117220028, 0.42838252453376957, 0.30998225385304745, 0.4628266828506824, 0.42838252453376957, 0.48148234114407984, 0.43859809984807896, 0.31159152325128536, 0.46453291705154875, 0.47300056534530033, 0.3263298147356364, 0.4071477874217173, 0.31159152325128536, 0.4628266828506824
6.818275451660156,7.767994403839111,8.489980697631836,8.846571445465088,6.082627773284912,6.975128650665283,6.765286922454834,6.707973480224609,5.808205604553223,4.6486616134643555,6.0542893409729,6.870229244232178,6.41679048538208,5.367114543914795,6.696407794952393,8.065967559814453,6.284224987030029,7.652888298034668,4.40504789352417,6.141548156738281
