{'Clndrs': 6, 'Volume': 262.0, 'Model': 82, 'origin': 1}, {'Clndrs': 4, 'Volume': 85.0, 'Model': 76, 'origin': 1}, {'Clndrs': 4, 'Volume': 83.0, 'Model': 74, 'origin': 3}, {'Clndrs': 4, 'Volume': 85.0, 'Model': 80, 'origin': 3}, {'Clndrs': 4, 'Volume': 90.0, 'Model': 78, 'origin': 2}, {'Clndrs': 4, 'Volume': 85.0, 'Model': 76, 'origin': 1}, {'Clndrs': 4, 'Volume': 97.0, 'Model': 82, 'origin': 2}, {'Clndrs': 4, 'Volume': 141.0, 'Model': 79, 'origin': 2}, {'Clndrs': 4, 'Volume': 85.0, 'Model': 76, 'origin': 1}, {'Clndrs': 6, 'Volume': 181.0, 'Model': 82, 'origin': 1}, {'Clndrs': 4, 'Volume': 97.0, 'Model': 73, 'origin': 2}, {'Clndrs': 4, 'Volume': 105.0, 'Model': 82, 'origin': 1}, {'Clndrs': 5, 'Volume': 121.0, 'Model': 80, 'origin': 2}, {'Clndrs': 6, 'Volume': 262.0, 'Model': 82, 'origin': 1}, {'Clndrs': 4, 'Volume': 91.0, 'Model': 71, 'origin': 1}, {'Clndrs': 4, 'Volume': 98.0, 'Model': 71, 'origin': 1}, {'Clndrs': 4, 'Volume': 97.0, 'Model': 70, 'origin': 2}, {'Clndrs': 4, 'Volume': 85.0, 'Model': 80, 'origin': 2}, {'Clndrs': 4, 'Volume': 98.0, 'Model': 82, 'origin': 1}, {'Clndrs': 6, 'Volume': 181.0, 'Model': 82, 'origin': 1}
0.38125731428387977, 0.30998225385304745, 0.35656523333298473, 0.25394722064135844, 0.19339815732352839, 0.30998225385304745, 0.16745989117220028, 0.3872631585390678, 0.30998225385304745, 0.4628266828506824, 0.3216062143047753, 0.38514201560003136, 0.31159152325128536, 0.38125731428387977, 0.32909678259718966, 0.3578925042330301, 0.3263298147356364, 0.2976352869025818, 0.30706763493134415, 0.4628266828506824
9.328179359436035,10.981607437133789,11.030693054199219,11.390619277954102,13.888018131256104,14.310581684112549,14.483940601348877,14.608073234558105,9.006884098052979,7.8752851486206055,10.384137630462646,10.436325073242188,8.394336700439453,11.049661636352539,9.703001976013184,10.025777816772461,10.031306743621826,11.459720134735107,8.826417922973633,10.144410133361816
