{'Clndrs': 4, 'Volume': 98.0, 'Model': 77, 'origin': 3}, {'Clndrs': 4, 'Volume': 85.0, 'Model': 76, 'origin': 1}, {'Clndrs': 4, 'Volume': 85.0, 'Model': 80, 'origin': 3}, {'Clndrs': 4, 'Volume': 97.0, 'Model': 82, 'origin': 2}, {'Clndrs': 4, 'Volume': 97.0, 'Model': 82, 'origin': 2}, {'Clndrs': 4, 'Volume': 85.0, 'Model': 76, 'origin': 1}, {'Clndrs': 4, 'Volume': 97.0, 'Model': 82, 'origin': 2}, {'Clndrs': 4, 'Volume': 105.0, 'Model': 82, 'origin': 2}, {'Clndrs': 4, 'Volume': 97.0, 'Model': 82, 'origin': 2}, {'Clndrs': 4, 'Volume': 98.0, 'Model': 82, 'origin': 1}, {'Clndrs': 4, 'Volume': 98.0, 'Model': 82, 'origin': 1}, {'Clndrs': 4, 'Volume': 97.0, 'Model': 82, 'origin': 2}, {'Clndrs': 5, 'Volume': 121.0, 'Model': 80, 'origin': 2}, {'Clndrs': 5, 'Volume': 121.0, 'Model': 80, 'origin': 2}, {'Clndrs': 4, 'Volume': 85.0, 'Model': 80, 'origin': 2}, {'Clndrs': 4, 'Volume': 98.0, 'Model': 71, 'origin': 1}, {'Clndrs': 5, 'Volume': 121.0, 'Model': 80, 'origin': 2}, {'Clndrs': 4, 'Volume': 90.0, 'Model': 78, 'origin': 2}, {'Clndrs': 4, 'Volume': 90.0, 'Model': 78, 'origin': 2}, {'Clndrs': 4, 'Volume': 98.0, 'Model': 82, 'origin': 1}
0.36770788046948644, 0.30998225385304745, 0.25394722064135844, 0.16745989117220028, 0.16745989117220028, 0.30998225385304745, 0.16745989117220028, 0.36198096077750375, 0.16745989117220028, 0.30706763493134415, 0.30706763493134415, 0.16745989117220028, 0.31159152325128536, 0.31159152325128536, 0.2976352869025818, 0.3578925042330301, 0.31159152325128536, 0.19339815732352839, 0.19339815732352839, 0.30706763493134415
33.4468412399292,35.22561550140381,36.610376834869385,38.05018424987793,35.09592533111572,35.82294464111328,35.125732421875,35.734617710113525,33.84563207626343,34.95940685272217,34.966816902160645,33.94709587097168,32.507121562957764,37.19537973403931,34.75595951080322,34.21972990036011,33.82036209106445,35.10090351104736,33.31116437911987,34.45996284484863
