{'Spout_wait': 5, 'Spliters': 3, 'Counters': 15}, {'Spout_wait': 4, 'Spliters': 6, 'Counters': 17}, {'Spout_wait': 10, 'Spliters': 6, 'Counters': 16}, {'Spout_wait': 5, 'Spliters': 4, 'Counters': 17}, {'Spout_wait': 4, 'Spliters': 6, 'Counters': 17}, {'Spout_wait': 10, 'Spliters': 4, 'Counters': 15}, {'Spout_wait': 9, 'Spliters': 5, 'Counters': 15}, {'Spout_wait': 7, 'Spliters': 6, 'Counters': 17}, {'Spout_wait': 4, 'Spliters': 4, 'Counters': 13}, {'Spout_wait': 10, 'Spliters': 4, 'Counters': 17}, {'Spout_wait': 5, 'Spliters': 5, 'Counters': 17}, {'Spout_wait': 8, 'Spliters': 4, 'Counters': 10}, {'Spout_wait': 5, 'Spliters': 3, 'Counters': 17}, {'Spout_wait': 5, 'Spliters': 2, 'Counters': 16}, {'Spout_wait': 7, 'Spliters': 3, 'Counters': 17}, {'Spout_wait': 1, 'Spliters': 5, 'Counters': 17}, {'Spout_wait': 7, 'Spliters': 6, 'Counters': 17}, {'Spout_wait': 4, 'Spliters': 3, 'Counters': 18}, {'Spout_wait': 10, 'Spliters': 5, 'Counters': 13}, {'Spout_wait': 9, 'Spliters': 6, 'Counters': 18}
0.08243577024755122, 0.04488372625774839, 0.06216759832061325, 0.04594440035556535, 0.04488372625774839, 0.030368608200511682, 0.07006267573259617, 0.02810356721455487, 0.09127934589731845, 0.03413510224963634, 0.024147530214372992, 0.11759784575752774, 0.021277644326842537, 0.10470697574048593, 0.02967052168107598, 0.08331555174372429, 0.02810356721455487, 0.08979103759176488, 0.06555986454644991, 0.03142005946668358
14.43068265914917,14.348998069763184,14.678521156311035,16.573050022125244,11.34772539138794,12.577204704284668,13.124959468841553,13.277087211608887,13.282065391540527,13.672709465026855,14.759209156036377,12.86508560180664,11.859335899353027,10.559756755828857,10.210051536560059,11.585080623626709,12.980248928070068,12.424983978271484,11.262481212615967,13.578228950500488
