{'Spout_wait': 9, 'Spliters': 3, 'Counters': 16}, {'Spout_wait': 4, 'Spliters': 6, 'Counters': 12}, {'Spout_wait': 5, 'Spliters': 4, 'Counters': 17}, {'Spout_wait': 5, 'Spliters': 4, 'Counters': 17}, {'Spout_wait': 4, 'Spliters': 6, 'Counters': 17}, {'Spout_wait': 4, 'Spliters': 6, 'Counters': 14}, {'Spout_wait': 9, 'Spliters': 5, 'Counters': 15}, {'Spout_wait': 7, 'Spliters': 6, 'Counters': 17}, {'Spout_wait': 5, 'Spliters': 4, 'Counters': 10}, {'Spout_wait': 5, 'Spliters': 2, 'Counters': 17}, {'Spout_wait': 10, 'Spliters': 4, 'Counters': 17}, {'Spout_wait': 8, 'Spliters': 4, 'Counters': 10}, {'Spout_wait': 5, 'Spliters': 3, 'Counters': 17}, {'Spout_wait': 5, 'Spliters': 2, 'Counters': 16}, {'Spout_wait': 5, 'Spliters': 6, 'Counters': 11}, {'Spout_wait': 7, 'Spliters': 3, 'Counters': 17}, {'Spout_wait': 7, 'Spliters': 6, 'Counters': 17}, {'Spout_wait': 4, 'Spliters': 3, 'Counters': 18}, {'Spout_wait': 9, 'Spliters': 4, 'Counters': 18}, {'Spout_wait': 10, 'Spliters': 5, 'Counters': 13}
0.06610529136170162, 0.10459629256587011, 0.04594440035556535, 0.04594440035556535, 0.04488372625774839, 0.08761474371349254, 0.07006267573259617, 0.02810356721455487, 0.12659602363002376, 0.10018490561360427, 0.03413510224963634, 0.11759784575752774, 0.021277644326842537, 0.10470697574048593, 0.10894486246333335, 0.02967052168107598, 0.02810356721455487, 0.08979103759176488, 0.060937930180403055, 0.06555986454644991
10.599086284637451,11.236295700073242,12.123682498931885,13.634686470031738,9.663186073303223,9.616312980651855,11.481618881225586,13.686361312866211,12.247734069824219,13.5886812210083,13.913283348083496,12.624602317810059,11.01259469985962,9.5749831199646,8.191595077514648,9.57369089126587,13.000688552856445,13.687422275543213,13.951022624969482,11.32617712020874
