{'Spout_wait': 5, 'Spliters': 5, 'Counters': 15}, {'Spout_wait': 8, 'Spliters': 6, 'Counters': 17}, {'Spout_wait': 10, 'Spliters': 3, 'Counters': 17}, {'Spout_wait': 5, 'Spliters': 3, 'Counters': 17}, {'Spout_wait': 10, 'Spliters': 6, 'Counters': 17}, {'Spout_wait': 10, 'Spliters': 4, 'Counters': 15}, {'Spout_wait': 7, 'Spliters': 6, 'Counters': 17}, {'Spout_wait': 2, 'Spliters': 6, 'Counters': 17}, {'Spout_wait': 5, 'Spliters': 5, 'Counters': 17}, {'Spout_wait': 5, 'Spliters': 3, 'Counters': 17}, {'Spout_wait': 9, 'Spliters': 6, 'Counters': 17}, {'Spout_wait': 10, 'Spliters': 5, 'Counters': 17}, {'Spout_wait': 7, 'Spliters': 3, 'Counters': 17}, {'Spout_wait': 5, 'Spliters': 3, 'Counters': 17}, {'Spout_wait': 10, 'Spliters': 4, 'Counters': 17}, {'Spout_wait': 10, 'Spliters': 5, 'Counters': 17}, {'Spout_wait': 7, 'Spliters': 6, 'Counters': 17}, {'Spout_wait': 4, 'Spliters': 6, 'Counters': 18}, {'Spout_wait': 9, 'Spliters': 6, 'Counters': 18}, {'Spout_wait': 8, 'Spliters': 6, 'Counters': 15}
0.06522933540472042, 0.006111178207122481, 0.03922607230648456, 0.021277644326842537, 0.000747363758841324, 0.030368608200511682, 0.02810356721455487, 0.03826415626869606, 0.024147530214372992, 0.021277644326842537, 0.008586239120553896, 0.019199269545525532, 0.02967052168107598, 0.021277644326842537, 0.03413510224963634, 0.019199269545525532, 0.02810356721455487, 0.040885328550858246, 0.03142005946668358, 0.045320344504342636
22.62136697769165,24.550964832305908,24.64021921157837,24.76550579071045,23.407325744628906,22.752530574798584,23.90916347503662,25.15036106109619,30.599558353424072,30.02589702606201,33.68366479873657,30.342023372650146,22.22892999649048,24.78407859802246,24.899866580963135,26.52263641357422,33.52439880371094,34.88491773605347,41.89527750015259,39.60249662399292
