{'Spout_wait': 4, 'Spliters': 6, 'Counters': 12}, {'Spout_wait': 9, 'Spliters': 3, 'Counters': 12}, {'Spout_wait': 9, 'Spliters': 3, 'Counters': 16}, {'Spout_wait': 9, 'Spliters': 6, 'Counters': 16}, {'Spout_wait': 4, 'Spliters': 6, 'Counters': 14}, {'Spout_wait': 4, 'Spliters': 6, 'Counters': 17}, {'Spout_wait': 8, 'Spliters': 6, 'Counters': 14}, {'Spout_wait': 5, 'Spliters': 5, 'Counters': 18}, {'Spout_wait': 2, 'Spliters': 4, 'Counters': 14}, {'Spout_wait': 5, 'Spliters': 1, 'Counters': 17}, {'Spout_wait': 5, 'Spliters': 4, 'Counters': 17}, {'Spout_wait': 8, 'Spliters': 4, 'Counters': 10}, {'Spout_wait': 5, 'Spliters': 2, 'Counters': 16}, {'Spout_wait': 5, 'Spliters': 4, 'Counters': 17}, {'Spout_wait': 5, 'Spliters': 6, 'Counters': 11}, {'Spout_wait': 7, 'Spliters': 3, 'Counters': 17}, {'Spout_wait': 4, 'Spliters': 5, 'Counters': 13}, {'Spout_wait': 7, 'Spliters': 6, 'Counters': 17}, {'Spout_wait': 9, 'Spliters': 5, 'Counters': 18}, {'Spout_wait': 7, 'Spliters': 5, 'Counters': 15}
0.10459629256587011, 0.07312910112384696, 0.06610529136170162, 0.05896302441698942, 0.08761474371349254, 0.04488372625774839, 0.10345865610041827, 0.04923334370793886, 0.12918275564281112, 0.1756983442318213, 0.04594440035556535, 0.11759784575752774, 0.10470697574048593, 0.04594440035556535, 0.10894486246333335, 0.02967052168107598, 0.10857415201738807, 0.02810356721455487, 0.09199815275663703, 0.06939789413429098
10.97261905670166,10.78857421875,10.871591567993164,14.10139799118042,6.977319717407227,7.305166721343994,8.340137004852295,7.739245891571045,8.997359275817871,8.79075288772583,9.191524982452393,9.668519496917725,8.24364185333252,8.819005489349365,7.921154499053955,8.581562042236328,7.17073917388916,9.505934715270996,9.004392623901367,6.985745429992676
