{'Spout_wait': 9, 'Spliters': 3, 'Counters': 16}, {'Spout_wait': 9, 'Spliters': 3, 'Counters': 12}, {'Spout_wait': 4, 'Spliters': 6, 'Counters': 12}, {'Spout_wait': 9, 'Spliters': 3, 'Counters': 10}, {'Spout_wait': 4, 'Spliters': 6, 'Counters': 14}, {'Spout_wait': 4, 'Spliters': 6, 'Counters': 17}, {'Spout_wait': 2, 'Spliters': 6, 'Counters': 12}, {'Spout_wait': 5, 'Spliters': 5, 'Counters': 18}, {'Spout_wait': 5, 'Spliters': 3, 'Counters': 9}, {'Spout_wait': 10, 'Spliters': 4, 'Counters': 12}, {'Spout_wait': 5, 'Spliters': 1, 'Counters': 17}, {'Spout_wait': 10, 'Spliters': 5, 'Counters': 10}, {'Spout_wait': 5, 'Spliters': 4, 'Counters': 13}, {'Spout_wait': 5, 'Spliters': 2, 'Counters': 16}, {'Spout_wait': 5, 'Spliters': 6, 'Counters': 11}, {'Spout_wait': 7, 'Spliters': 3, 'Counters': 17}, {'Spout_wait': 8, 'Spliters': 3, 'Counters': 18}, {'Spout_wait': 5, 'Spliters': 3, 'Counters': 12}, {'Spout_wait': 2, 'Spliters': 6, 'Counters': 15}, {'Spout_wait': 9, 'Spliters': 5, 'Counters': 18}
0.06610529136170162, 0.07312910112384696, 0.10459629256587011, 0.08781142502184214, 0.08761474371349254, 0.04488372625774839, 0.11553992719384887, 0.04923334370793886, 0.15074618163197928, 0.09562253326990577, 0.1756983442318213, 0.13365425395671127, 0.10716030387116138, 0.10470697574048593, 0.10894486246333335, 0.02967052168107598, 0.07389354972440831, 0.11750587383387412, 0.09037721671244892, 0.09199815275663703
6.603748798370361,6.664440631866455,6.9002604484558105,7.989158630371094,5.054581165313721,5.441865921020508,6.209628582000732,6.6387939453125,5.773613452911377,5.663166046142578,7.929270267486572,6.584079265594482,6.245105266571045,7.198822498321533,6.158781051635742,6.030533313751221,7.553892135620117,5.556380748748779,5.339779853820801,7.687797546386719
