{'Spout_wait': 8, 'Spliters': 6, 'Counters': 17}, {'Spout_wait': 10, 'Spliters': 5, 'Counters': 17}, {'Spout_wait': 10, 'Spliters': 6, 'Counters': 17}, {'Spout_wait': 10, 'Spliters': 6, 'Counters': 17}, {'Spout_wait': 10, 'Spliters': 6, 'Counters': 17}, {'Spout_wait': 10, 'Spliters': 5, 'Counters': 17}, {'Spout_wait': 10, 'Spliters': 6, 'Counters': 17}, {'Spout_wait': 10, 'Spliters': 6, 'Counters': 17}, {'Spout_wait': 10, 'Spliters': 6, 'Counters': 17}, {'Spout_wait': 10, 'Spliters': 6, 'Counters': 17}, {'Spout_wait': 10, 'Spliters': 5, 'Counters': 17}, {'Spout_wait': 10, 'Spliters': 5, 'Counters': 17}, {'Spout_wait': 5, 'Spliters': 3, 'Counters': 17}, {'Spout_wait': 8, 'Spliters': 6, 'Counters': 17}, {'Spout_wait': 10, 'Spliters': 6, 'Counters': 17}, {'Spout_wait': 10, 'Spliters': 6, 'Counters': 17}, {'Spout_wait': 10, 'Spliters': 6, 'Counters': 17}, {'Spout_wait': 8, 'Spliters': 6, 'Counters': 17}, {'Spout_wait': 8, 'Spliters': 6, 'Counters': 18}, {'Spout_wait': 10, 'Spliters': 6, 'Counters': 17}
0.006111178207122481, 0.019199269545525532, 0.000747363758841324, 0.000747363758841324, 0.000747363758841324, 0.019199269545525532, 0.000747363758841324, 0.000747363758841324, 0.000747363758841324, 0.000747363758841324, 0.019199269545525532, 0.019199269545525532, 0.021277644326842537, 0.006111178207122481, 0.000747363758841324, 0.000747363758841324, 0.000747363758841324, 0.006111178207122481, 0.02340892060562716, 0.000747363758841324
107.28830814361572,108.11194896697998,109.24049377441406,109.8097276687622,80.92344760894775,81.17806196212769,83.48546028137207,83.31194639205933,83.50045442581177,86.51793956756592,82.60825634002686,84.75783348083496,84.78252410888672,88.07727575302124,86.83582544326782,90.16501903533936,90.2900505065918,90.70327043533325,94.13033723831177,94.02320623397827
