{'Spout_wait': 8, 'Spliters': 6, 'Counters': 17}, {'Spout_wait': 9, 'Spliters': 6, 'Counters': 17}, {'Spout_wait': 10, 'Spliters': 5, 'Counters': 17}, {'Spout_wait': 8, 'Spliters': 6, 'Counters': 17}, {'Spout_wait': 10, 'Spliters': 6, 'Counters': 17}, {'Spout_wait': 10, 'Spliters': 5, 'Counters': 17}, {'Spout_wait': 10, 'Spliters': 6, 'Counters': 17}, {'Spout_wait': 8, 'Spliters': 6, 'Counters': 18}, {'Spout_wait': 5, 'Spliters': 5, 'Counters': 17}, {'Spout_wait': 9, 'Spliters': 6, 'Counters': 17}, {'Spout_wait': 10, 'Spliters': 5, 'Counters': 17}, {'Spout_wait': 10, 'Spliters': 5, 'Counters': 17}, {'Spout_wait': 5, 'Spliters': 3, 'Counters': 17}, {'Spout_wait': 9, 'Spliters': 6, 'Counters': 17}, {'Spout_wait': 10, 'Spliters': 4, 'Counters': 17}, {'Spout_wait': 9, 'Spliters': 6, 'Counters': 17}, {'Spout_wait': 10, 'Spliters': 6, 'Counters': 17}, {'Spout_wait': 5, 'Spliters': 6, 'Counters': 18}, {'Spout_wait': 2, 'Spliters': 6, 'Counters': 17}, {'Spout_wait': 9, 'Spliters': 5, 'Counters': 17}
0.006111178207122481, 0.008586239120553896, 0.019199269545525532, 0.006111178207122481, 0.000747363758841324, 0.019199269545525532, 0.000747363758841324, 0.02340892060562716, 0.024147530214372992, 0.008586239120553896, 0.019199269545525532, 0.019199269545525532, 0.021277644326842537, 0.008586239120553896, 0.03413510224963634, 0.008586239120553896, 0.000747363758841324, 0.03893991222898485, 0.03826415626869606, 0.020466796587967684
60.427350997924805,61.156792640686035,61.58953666687012,67.646324634552,75.05195379257202,74.9713945388794,77.62585401535034,75.67710876464844,78.54573249816895,81.36086702346802,80.68325519561768,77.74276971817017,70.87859153747559,70.99300146102905,78.26661825180054,77.03826665878296,57.651495933532715,56.65029287338257,53.70623826980591,56.37204647064209
