{'Spout_wait': 2, 'Spliters': 5, 'Counters': 10}, {'Spout_wait': 4, 'Spliters': 5, 'Counters': 16}, {'Spout_wait': 5, 'Spliters': 6, 'Counters': 13}, {'Spout_wait': 5, 'Spliters': 4, 'Counters': 12}, {'Spout_wait': 6, 'Spliters': 6, 'Counters': 18}, {'Spout_wait': 3, 'Spliters': 4, 'Counters': 18}, {'Spout_wait': 2, 'Spliters': 3, 'Counters': 4}, {'Spout_wait': 5, 'Spliters': 3, 'Counters': 1}, {'Spout_wait': 6, 'Spliters': 5, 'Counters': 1}, {'Spout_wait': 5, 'Spliters': 5, 'Counters': 11}, {'Spout_wait': 6, 'Spliters': 5, 'Counters': 1}, {'Spout_wait': 6, 'Spliters': 4, 'Counters': 15}, {'Spout_wait': 5, 'Spliters': 6, 'Counters': 15}, {'Spout_wait': 1, 'Spliters': 5, 'Counters': 17}, {'Spout_wait': 3, 'Spliters': 6, 'Counters': 18}, {'Spout_wait': 4, 'Spliters': 6, 'Counters': 8}, {'Spout_wait': 4, 'Spliters': 5, 'Counters': 18}, {'Spout_wait': 5, 'Spliters': 3, 'Counters': 12}, {'Spout_wait': 5, 'Spliters': 5, 'Counters': 17}, {'Spout_wait': 2, 'Spliters': 6, 'Counters': 6}
0.08551131741457396, 0.10042082718380874, 0.10862492663603485, 0.09880417260158136, 0.06317483948161395, 0.06347431254953839, 0.11991312507125207, 0.07862474536683417, 0.06185809585680524, 0.09569061366428855, 0.06185809585680524, 0.051797308758049, 0.08209737193835487, 0.11018164646729622, 0.08862460786000748, 0.08934344142924777, 0.07383405059188264, 0.06856444270796458, 0.06796515301188721, 0.08664886213579881
5.1902008056640625,5.241861343383789,5.40863037109375,5.52290678024292,4.467196464538574,4.540796279907227,5.164227485656738,5.31841516494751,3.670825958251953,4.8770880699157715,4.278080463409424,6.523103713989258,6.576292514801025,6.043634414672852,6.0677361488342285,5.052330493927002,4.883244037628174,5.379996299743652,4.921503067016602,5.282423496246338
