{'Spout_wait': 2, 'Spliters': 5, 'Counters': 10}, {'Spout_wait': 5, 'Spliters': 6, 'Counters': 13}, {'Spout_wait': 4, 'Spliters': 5, 'Counters': 16}, {'Spout_wait': 4, 'Spliters': 6, 'Counters': 10}, {'Spout_wait': 5, 'Spliters': 5, 'Counters': 4}, {'Spout_wait': 1, 'Spliters': 3, 'Counters': 11}, {'Spout_wait': 6, 'Spliters': 3, 'Counters': 1}, {'Spout_wait': 4, 'Spliters': 5, 'Counters': 15}, {'Spout_wait': 5, 'Spliters': 5, 'Counters': 11}, {'Spout_wait': 6, 'Spliters': 5, 'Counters': 1}, {'Spout_wait': 6, 'Spliters': 5, 'Counters': 1}, {'Spout_wait': 6, 'Spliters': 4, 'Counters': 15}, {'Spout_wait': 5, 'Spliters': 6, 'Counters': 1}, {'Spout_wait': 5, 'Spliters': 5, 'Counters': 17}, {'Spout_wait': 4, 'Spliters': 6, 'Counters': 8}, {'Spout_wait': 3, 'Spliters': 6, 'Counters': 1}, {'Spout_wait': 5, 'Spliters': 3, 'Counters': 12}, {'Spout_wait': 4, 'Spliters': 5, 'Counters': 18}, {'Spout_wait': 5, 'Spliters': 5, 'Counters': 1}, {'Spout_wait': 2, 'Spliters': 6, 'Counters': 6}
0.08551131741457396, 0.10862492663603485, 0.10042082718380874, 0.07305530287202056, 0.054612027473105784, 0.09048089118900249, 0.04227664546194576, 0.05317513139432972, 0.09569061366428855, 0.06185809585680524, 0.06185809585680524, 0.051797308758049, 0.06970230856181392, 0.06796515301188721, 0.08934344142924777, 0.06095920606992189, 0.06856444270796458, 0.07383405059188264, 4.1023799471462397e-05, 0.08664886213579881
10.748319625854492,11.272134780883789,11.430373191833496,13.589355945587158,8.73638391494751,10.112152099609375,10.071091651916504,9.109163284301758,8.7827730178833,9.320075511932373,9.2399001121521,10.50518274307251,10.8028244972229,10.598630905151367,9.763598442077637,9.974195957183838,10.76350212097168,9.14011001586914,9.859843254089355,10.178976058959961
