{'Spout_wait': 5, 'Spliters': 6, 'Counters': 13}, {'Spout_wait': 4, 'Spliters': 5, 'Counters': 16}, {'Spout_wait': 2, 'Spliters': 5, 'Counters': 10}, {'Spout_wait': 6, 'Spliters': 5, 'Counters': 5}, {'Spout_wait': 5, 'Spliters': 5, 'Counters': 4}, {'Spout_wait': 3, 'Spliters': 4, 'Counters': 18}, {'Spout_wait': 5, 'Spliters': 3, 'Counters': 1}, {'Spout_wait': 2, 'Spliters': 4, 'Counters': 6}, {'Spout_wait': 6, 'Spliters': 5, 'Counters': 1}, {'Spout_wait': 5, 'Spliters': 5, 'Counters': 11}, {'Spout_wait': 6, 'Spliters': 5, 'Counters': 1}, {'Spout_wait': 6, 'Spliters': 4, 'Counters': 15}, {'Spout_wait': 5, 'Spliters': 6, 'Counters': 15}, {'Spout_wait': 3, 'Spliters': 6, 'Counters': 18}, {'Spout_wait': 6, 'Spliters': 6, 'Counters': 5}, {'Spout_wait': 4, 'Spliters': 6, 'Counters': 8}, {'Spout_wait': 5, 'Spliters': 3, 'Counters': 12}, {'Spout_wait': 4, 'Spliters': 5, 'Counters': 18}, {'Spout_wait': 5, 'Spliters': 5, 'Counters': 17}, {'Spout_wait': 2, 'Spliters': 6, 'Counters': 6}
0.10862492663603485, 0.10042082718380874, 0.08551131741457396, 0.09742756565917288, 0.054612027473105784, 0.06347431254953839, 0.07862474536683417, 0.11551200678620532, 0.06185809585680524, 0.09569061366428855, 0.06185809585680524, 0.051797308758049, 0.08209737193835487, 0.08862460786000748, 0.08970266066896315, 0.08934344142924777, 0.06856444270796458, 0.07383405059188264, 0.06796515301188721, 0.08664886213579881
6.926891803741455,7.543449401855469,7.63601541519165,8.292491436004639,7.9993510246276855,7.226815223693848,7.926313877105713,8.6287522315979,5.6638312339782715,6.854515075683594,5.917870998382568,6.701827049255371,8.063457012176514,8.11913013458252,8.405864238739014,9.044663906097412,6.65297269821167,5.96144437789917,6.02163553237915,6.2499213218688965
