{'Spout_wait': 4, 'Spliters': 4, 'Counters': 16}, {'Spout_wait': 5, 'Spliters': 4, 'Counters': 1}, {'Spout_wait': 4, 'Spliters': 5, 'Counters': 10}, {'Spout_wait': 6, 'Spliters': 4, 'Counters': 1}, {'Spout_wait': 5, 'Spliters': 5, 'Counters': 4}, {'Spout_wait': 4, 'Spliters': 5, 'Counters': 15}, {'Spout_wait': 6, 'Spliters': 3, 'Counters': 1}, {'Spout_wait': 5, 'Spliters': 4, 'Counters': 1}, {'Spout_wait': 2, 'Spliters': 4, 'Counters': 10}, {'Spout_wait': 3, 'Spliters': 6, 'Counters': 13}, {'Spout_wait': 6, 'Spliters': 4, 'Counters': 15}, {'Spout_wait': 6, 'Spliters': 5, 'Counters': 1}, {'Spout_wait': 5, 'Spliters': 5, 'Counters': 1}, {'Spout_wait': 5, 'Spliters': 5, 'Counters': 17}, {'Spout_wait': 2, 'Spliters': 6, 'Counters': 18}, {'Spout_wait': 5, 'Spliters': 3, 'Counters': 12}, {'Spout_wait': 6, 'Spliters': 5, 'Counters': 16}, {'Spout_wait': 4, 'Spliters': 5, 'Counters': 10}, {'Spout_wait': 5, 'Spliters': 5, 'Counters': 1}, {'Spout_wait': 5, 'Spliters': 6, 'Counters': 1}
0.07173817139972272, 0.05485197085539084, 0.04928309323600877, 0.0528754203724453, 0.054612027473105784, 0.05317513139432972, 0.04227664546194576, 0.05485197085539084, 0.054792021290341, 0.060540270892268655, 0.051797308758049, 0.06185809585680524, 4.1023799471462397e-05, 0.06796515301188721, 0.05658818806113297, 0.06856444270796458, 0.05874364051266878, 0.04928309323600877, 4.1023799471462397e-05, 0.06970230856181392
20.92851161956787,23.352477550506592,23.256957530975342,23.648927211761475,21.559202671051025,20.72396993637085,21.643218994140625,23.573851585388184,21.87410831451416,21.747925281524658,21.3870906829834,21.35309934616089,23.801743984222412,22.51878261566162,22.262978553771973,22.127056121826172,22.3329758644104,22.422809600830078,22.61467218399048,22.364439964294434
