{'Spout_wait': 2, 'Spliters': 4, 'Counters': 10}, {'Spout_wait': 4, 'Spliters': 4, 'Counters': 16}, {'Spout_wait': 6, 'Spliters': 4, 'Counters': 16}, {'Spout_wait': 5, 'Spliters': 4, 'Counters': 1}, {'Spout_wait': 5, 'Spliters': 5, 'Counters': 4}, {'Spout_wait': 6, 'Spliters': 3, 'Counters': 1}, {'Spout_wait': 1, 'Spliters': 3, 'Counters': 11}, {'Spout_wait': 4, 'Spliters': 5, 'Counters': 15}, {'Spout_wait': 5, 'Spliters': 5, 'Counters': 11}, {'Spout_wait': 6, 'Spliters': 5, 'Counters': 1}, {'Spout_wait': 6, 'Spliters': 5, 'Counters': 1}, {'Spout_wait': 6, 'Spliters': 4, 'Counters': 15}, {'Spout_wait': 5, 'Spliters': 5, 'Counters': 17}, {'Spout_wait': 3, 'Spliters': 6, 'Counters': 1}, {'Spout_wait': 5, 'Spliters': 5, 'Counters': 17}, {'Spout_wait': 5, 'Spliters': 3, 'Counters': 12}, {'Spout_wait': 5, 'Spliters': 3, 'Counters': 12}, {'Spout_wait': 4, 'Spliters': 5, 'Counters': 18}, {'Spout_wait': 5, 'Spliters': 5, 'Counters': 1}, {'Spout_wait': 2, 'Spliters': 6, 'Counters': 6}
0.054792021290341, 0.07173817139972272, 0.08329504227545748, 0.05485197085539084, 0.054612027473105784, 0.04227664546194576, 0.09048089118900249, 0.05317513139432972, 0.09569061366428855, 0.06185809585680524, 0.06185809585680524, 0.051797308758049, 0.06796515301188721, 0.06095920606992189, 0.06796515301188721, 0.06856444270796458, 0.06856444270796458, 0.07383405059188264, 4.1023799471462397e-05, 0.08664886213579881
12.85670280456543,13.341436386108398,13.671314716339111,15.227420330047607,11.7401123046875,12.73991346359253,13.498249053955078,11.665587425231934,10.986931324005127,10.70458173751831,10.366485118865967,12.027781009674072,12.24419116973877,12.032437324523926,12.654478549957275,12.574622631072998,12.120428085327148,11.576464176177979,13.061425685882568,12.234926223754883
