{'Spout_wait': 2, 'Spliters': 5, 'Counters': 14}, {'Spout_wait': 5, 'Spliters': 3, 'Counters': 12}, {'Spout_wait': 5, 'Spliters': 5, 'Counters': 1}, {'Spout_wait': 5, 'Spliters': 5, 'Counters': 1}, {'Spout_wait': 5, 'Spliters': 5, 'Counters': 10}, {'Spout_wait': 6, 'Spliters': 3, 'Counters': 1}, {'Spout_wait': 6, 'Spliters': 3, 'Counters': 1}, {'Spout_wait': 4, 'Spliters': 5, 'Counters': 15}, {'Spout_wait': 5, 'Spliters': 5, 'Counters': 10}, {'Spout_wait': 6, 'Spliters': 3, 'Counters': 1}, {'Spout_wait': 3, 'Spliters': 4, 'Counters': 15}, {'Spout_wait': 5, 'Spliters': 5, 'Counters': 1}, {'Spout_wait': 5, 'Spliters': 5, 'Counters': 1}, {'Spout_wait': 5, 'Spliters': 5, 'Counters': 10}, {'Spout_wait': 4, 'Spliters': 5, 'Counters': 15}, {'Spout_wait': 4, 'Spliters': 5, 'Counters': 10}, {'Spout_wait': 5, 'Spliters': 5, 'Counters': 1}, {'Spout_wait': 5, 'Spliters': 5, 'Counters': 10}, {'Spout_wait': 5, 'Spliters': 5, 'Counters': 10}, {'Spout_wait': 4, 'Spliters': 5, 'Counters': 10}
0.04724666887988782, 0.06856444270796458, 4.1023799471462397e-05, 4.1023799471462397e-05, 0.04293529150197439, 0.04227664546194576, 0.04227664546194576, 0.05317513139432972, 0.04293529150197439, 0.04227664546194576, 0.050780020257953695, 4.1023799471462397e-05, 4.1023799471462397e-05, 0.04293529150197439, 0.05317513139432972, 0.04928309323600877, 4.1023799471462397e-05, 0.04293529150197439, 0.04293529150197439, 0.04928309323600877
83.33313226699829,84.04706001281738,88.84986877441406,90.1511025428772,82.67388820648193,84.01894569396973,80.34151077270508,80.25514841079712,85.74243068695068,88.14794301986694,87.74762392044067,86.66151762008667,114.71537828445435,112.50458717346191,112.76583671569824,113.03699731826782,87.16310977935791,90.52924871444702,89.00778293609619,91.34938716888428
