{'Spout_wait': 4, 'Spliters': 4, 'Counters': 16}, {'Spout_wait': 2, 'Spliters': 5, 'Counters': 14}, {'Spout_wait': 5, 'Spliters': 5, 'Counters': 4}, {'Spout_wait': 5, 'Spliters': 6, 'Counters': 16}, {'Spout_wait': 5, 'Spliters': 5, 'Counters': 10}, {'Spout_wait': 4, 'Spliters': 5, 'Counters': 15}, {'Spout_wait': 6, 'Spliters': 3, 'Counters': 1}, {'Spout_wait': 6, 'Spliters': 3, 'Counters': 1}, {'Spout_wait': 5, 'Spliters': 5, 'Counters': 10}, {'Spout_wait': 3, 'Spliters': 4, 'Counters': 15}, {'Spout_wait': 6, 'Spliters': 3, 'Counters': 1}, {'Spout_wait': 5, 'Spliters': 5, 'Counters': 1}, {'Spout_wait': 5, 'Spliters': 5, 'Counters': 1}, {'Spout_wait': 2, 'Spliters': 6, 'Counters': 18}, {'Spout_wait': 6, 'Spliters': 4, 'Counters': 12}, {'Spout_wait': 5, 'Spliters': 5, 'Counters': 10}, {'Spout_wait': 6, 'Spliters': 4, 'Counters': 15}, {'Spout_wait': 4, 'Spliters': 5, 'Counters': 10}, {'Spout_wait': 5, 'Spliters': 5, 'Counters': 1}, {'Spout_wait': 6, 'Spliters': 4, 'Counters': 12}
0.07173817139972272, 0.04724666887988782, 0.054612027473105784, 0.05281542808411355, 0.04293529150197439, 0.05317513139432972, 0.04227664546194576, 0.04227664546194576, 0.04293529150197439, 0.050780020257953695, 0.04227664546194576, 4.1023799471462397e-05, 4.1023799471462397e-05, 0.05658818806113297, 0.06053988789959308, 0.04293529150197439, 0.051797308758049, 0.04928309323600877, 4.1023799471462397e-05, 0.06053988789959308
41.910574436187744,42.59220361709595,46.10406160354614,47.009806632995605,39.76747751235962,41.43775463104248,42.93832063674927,47.02246904373169,41.02738380432129,39.27027225494385,42.60876655578613,41.46627187728882,45.143465995788574,42.22316265106201,42.775583267211914,45.559186935424805,46.76102876663208,42.690417766571045,42.56988525390625,43.60738754272461
