{'Max_spout': 1000000.0, 'Spliters': 1, 'Counters': 9}, {'Max_spout': 1000000.0, 'Spliters': 1, 'Counters': 9}, {'Max_spout': 10000.0, 'Spliters': 2, 'Counters': 12}, {'Max_spout': 1000000.0, 'Spliters': 1, 'Counters': 9}, {'Max_spout': 1000000.0, 'Spliters': 1, 'Counters': 9}, {'Max_spout': 1000000.0, 'Spliters': 6, 'Counters': 9}, {'Max_spout': 1000.0, 'Spliters': 2, 'Counters': 15}, {'Max_spout': 1000000.0, 'Spliters': 1, 'Counters': 6}, {'Max_spout': 1000000.0, 'Spliters': 1, 'Counters': 6}, {'Max_spout': 10000.0, 'Spliters': 2, 'Counters': 12}, {'Max_spout': 1000.0, 'Spliters': 2, 'Counters': 18}, {'Max_spout': 10000.0, 'Spliters': 6, 'Counters': 6}, {'Max_spout': 1000.0, 'Spliters': 2, 'Counters': 12}, {'Max_spout': 1000000.0, 'Spliters': 6, 'Counters': 6}, {'Max_spout': 10000.0, 'Spliters': 2, 'Counters': 15}, {'Max_spout': 1000.0, 'Spliters': 6, 'Counters': 12}, {'Max_spout': 100.0, 'Spliters': 2, 'Counters': 12}, {'Max_spout': 1000000.0, 'Spliters': 1, 'Counters': 6}, {'Max_spout': 1000.0, 'Spliters': 2, 'Counters': 12}, {'Max_spout': 10000.0, 'Spliters': 2, 'Counters': 12}
0.32012653299473015, 0.32012653299473015, 0.3482003422813653, 0.32012653299473015, 0.32012653299473015, 0.44400910161431717, 0.36892976043895076, 0.36846990554864756, 0.36846990554864756, 0.3482003422813653, 0.37732074296275253, 0.44770505914202796, 0.38207560321211176, 0.4640992432358131, 0.37396253693787807, 0.4484068363379843, 0.4509522821374017, 0.36846990554864756, 0.38207560321211176, 0.3482003422813653
36.8166184425354,36.450605392456055,37.21712589263916,39.55821514129639,36.275367736816406,41.01269006729126,42.67138719558716,46.459314823150635,25.289132595062256,19.287168979644775,24.054315090179443,23.374555110931396,21.401102542877197,20.954363346099854,23.85937213897705,21.304810047149658,22.177212238311768,19.755513668060303,17.94966697692871,18.036653995513916
