{'Max_spout': 1000000.0, 'Spliters': 1, 'Counters': 9}, {'Max_spout': 1000000.0, 'Spliters': 1, 'Counters': 9}, {'Max_spout': 1000000.0, 'Spliters': 1, 'Counters': 9}, {'Max_spout': 10000.0, 'Spliters': 2, 'Counters': 12}, {'Max_spout': 1000000.0, 'Spliters': 1, 'Counters': 9}, {'Max_spout': 1000000.0, 'Spliters': 1, 'Counters': 9}, {'Max_spout': 1000000.0, 'Spliters': 1, 'Counters': 9}, {'Max_spout': 10000.0, 'Spliters': 2, 'Counters': 12}, {'Max_spout': 1000000.0, 'Spliters': 1, 'Counters': 9}, {'Max_spout': 10000.0, 'Spliters': 2, 'Counters': 12}, {'Max_spout': 10000.0, 'Spliters': 2, 'Counters': 12}, {'Max_spout': 10000.0, 'Spliters': 2, 'Counters': 12}, {'Max_spout': 10000.0, 'Spliters': 2, 'Counters': 12}, {'Max_spout': 1000000.0, 'Spliters': 1, 'Counters': 9}, {'Max_spout': 10000.0, 'Spliters': 2, 'Counters': 12}, {'Max_spout': 1000000.0, 'Spliters': 1, 'Counters': 9}, {'Max_spout': 1000000.0, 'Spliters': 1, 'Counters': 6}, {'Max_spout': 1000000.0, 'Spliters': 1, 'Counters': 6}, {'Max_spout': 1000000.0, 'Spliters': 1, 'Counters': 9}, {'Max_spout': 1000000.0, 'Spliters': 1, 'Counters': 9}
0.32012653299473015, 0.32012653299473015, 0.32012653299473015, 0.3482003422813653, 0.32012653299473015, 0.32012653299473015, 0.32012653299473015, 0.3482003422813653, 0.32012653299473015, 0.3482003422813653, 0.3482003422813653, 0.3482003422813653, 0.3482003422813653, 0.32012653299473015, 0.3482003422813653, 0.32012653299473015, 0.36846990554864756, 0.36846990554864756, 0.32012653299473015, 0.32012653299473015
76.5635633468628,79.05101776123047,79.50462579727173,80.31426191329956,90.26650428771973,96.37334108352661,95.12973308563232,98.19718599319458,88.46515893936157,94.24071550369263,92.4186110496521,93.86101484298706,102.46013641357422,105.3870940208435,106.20748519897461,107.67658233642578,85.08118391036987,77.07546949386597,77.44768619537354,74.9591612815857
