{'Max_spout': 1000.0, 'Spliters': 2, 'Counters': 9}, {'Max_spout': 1000000.0, 'Spliters': 2, 'Counters': 9}, {'Max_spout': 10000.0, 'Spliters': 6, 'Counters': 18}, {'Max_spout': 10000.0, 'Spliters': 2, 'Counters': 15}, {'Max_spout': 1000000.0, 'Spliters': 1, 'Counters': 9}, {'Max_spout': 100.0, 'Spliters': 2, 'Counters': 12}, {'Max_spout': 1000.0, 'Spliters': 2, 'Counters': 15}, {'Max_spout': 100.0, 'Spliters': 6, 'Counters': 15}, {'Max_spout': 1000000.0, 'Spliters': 1, 'Counters': 6}, {'Max_spout': 1000.0, 'Spliters': 2, 'Counters': 12}, {'Max_spout': 1000.0, 'Spliters': 2, 'Counters': 18}, {'Max_spout': 10000.0, 'Spliters': 6, 'Counters': 15}, {'Max_spout': 100.0, 'Spliters': 2, 'Counters': 12}, {'Max_spout': 1000000.0, 'Spliters': 1, 'Counters': 3}, {'Max_spout': 100.0, 'Spliters': 6, 'Counters': 12}, {'Max_spout': 1000.0, 'Spliters': 1, 'Counters': 12}, {'Max_spout': 1000.0, 'Spliters': 2, 'Counters': 18}, {'Max_spout': 1000.0, 'Spliters': 2, 'Counters': 9}, {'Max_spout': 1000000.0, 'Spliters': 6, 'Counters': 6}, {'Max_spout': 1000000.0, 'Spliters': 6, 'Counters': 6}
0.4308876598834952, 0.5180559865256784, 0.44889835309221016, 0.37396253693787807, 0.32012653299473015, 0.4509522821374017, 0.36892976043895076, 0.4817930394651002, 0.36846990554864756, 0.38207560321211176, 0.37732074296275253, 0.4606383323142671, 0.4509522821374017, 0.39445597231778273, 0.46788156760283006, 0.5031445411148578, 0.37732074296275253, 0.4308876598834952, 0.4640992432358131, 0.4640992432358131
7.753868103027344,7.869939804077148,8.308825492858887,9.19539213180542,8.843657970428467,8.88615608215332,10.262489318847656,8.894751071929932,8.528990745544434,7.1947503089904785,10.24071455001831,9.998714923858643,6.7154669761657715,7.213332653045654,5.307331085205078,7.953174114227295,9.42073106765747,9.29283618927002,10.753757953643799,7.003986835479736
