{'Max_spout': 1000000.0, 'Spliters': 1, 'Counters': 9}, {'Max_spout': 1000000.0, 'Spliters': 1, 'Counters': 9}, {'Max_spout': 10000.0, 'Spliters': 2, 'Counters': 12}, {'Max_spout': 1000000.0, 'Spliters': 1, 'Counters': 9}, {'Max_spout': 1000000.0, 'Spliters': 1, 'Counters': 9}, {'Max_spout': 1000000.0, 'Spliters': 1, 'Counters': 6}, {'Max_spout': 1000000.0, 'Spliters': 1, 'Counters': 9}, {'Max_spout': 1000.0, 'Spliters': 2, 'Counters': 15}, {'Max_spout': 1000000.0, 'Spliters': 1, 'Counters': 9}, {'Max_spout': 10000.0, 'Spliters': 2, 'Counters': 12}, {'Max_spout': 10000.0, 'Spliters': 2, 'Counters': 12}, {'Max_spout': 10000.0, 'Spliters': 2, 'Counters': 12}, {'Max_spout': 10000.0, 'Spliters': 2, 'Counters': 12}, {'Max_spout': 10000.0, 'Spliters': 2, 'Counters': 12}, {'Max_spout': 1000000.0, 'Spliters': 1, 'Counters': 9}, {'Max_spout': 10000.0, 'Spliters': 2, 'Counters': 6}, {'Max_spout': 1000000.0, 'Spliters': 1, 'Counters': 6}, {'Max_spout': 1000000.0, 'Spliters': 1, 'Counters': 6}, {'Max_spout': 1000000.0, 'Spliters': 1, 'Counters': 9}, {'Max_spout': 10000.0, 'Spliters': 2, 'Counters': 12}
0.32012653299473015, 0.32012653299473015, 0.3482003422813653, 0.32012653299473015, 0.32012653299473015, 0.36846990554864756, 0.32012653299473015, 0.36892976043895076, 0.32012653299473015, 0.3482003422813653, 0.3482003422813653, 0.3482003422813653, 0.3482003422813653, 0.3482003422813653, 0.32012653299473015, 0.4166887504479434, 0.36846990554864756, 0.36846990554864756, 0.32012653299473015, 0.3482003422813653
38.45265865325928,38.86207342147827,39.21329975128174,39.53077554702759,29.938464164733887,32.102131843566895,33.380980491638184,33.85579586029053,37.413082122802734,37.2747278213501,40.76465129852295,42.17599630355835,34.763641357421875,34.24391031265259,33.739421367645264,33.53018522262573,35.564589500427246,32.15287446975708,31.807105541229248,29.939568042755127
