{'Max_spout': 1000.0, 'Spliters': 2, 'Counters': 9}, {'Max_spout': 1000000.0, 'Spliters': 1, 'Counters': 9}, {'Max_spout': 100.0, 'Spliters': 2, 'Counters': 9}, {'Max_spout': 10000.0, 'Spliters': 2, 'Counters': 15}, {'Max_spout': 100.0, 'Spliters': 2, 'Counters': 12}, {'Max_spout': 1000000.0, 'Spliters': 1, 'Counters': 9}, {'Max_spout': 1000000.0, 'Spliters': 1, 'Counters': 6}, {'Max_spout': 100.0, 'Spliters': 2, 'Counters': 15}, {'Max_spout': 1000000.0, 'Spliters': 1, 'Counters': 6}, {'Max_spout': 1000.0, 'Spliters': 2, 'Counters': 12}, {'Max_spout': 1000.0, 'Spliters': 2, 'Counters': 18}, {'Max_spout': 10000.0, 'Spliters': 6, 'Counters': 18}, {'Max_spout': 100.0, 'Spliters': 2, 'Counters': 12}, {'Max_spout': 1000000.0, 'Spliters': 1, 'Counters': 3}, {'Max_spout': 1000000.0, 'Spliters': 6, 'Counters': 15}, {'Max_spout': 1000.0, 'Spliters': 1, 'Counters': 12}, {'Max_spout': 1000.0, 'Spliters': 2, 'Counters': 18}, {'Max_spout': 1000000.0, 'Spliters': 6, 'Counters': 6}, {'Max_spout': 1000.0, 'Spliters': 2, 'Counters': 9}, {'Max_spout': 10000.0, 'Spliters': 2, 'Counters': 9}
0.4308876598834952, 0.32012653299473015, 0.467081405965204, 0.37396253693787807, 0.4509522821374017, 0.32012653299473015, 0.36846990554864756, 0.45581047217279547, 0.36846990554864756, 0.38207560321211176, 0.37732074296275253, 0.44889835309221016, 0.4509522821374017, 0.39445597231778273, 0.46478414719232286, 0.5031445411148578, 0.37732074296275253, 0.4640992432358131, 0.4308876598834952, 0.40832520008941975
11.66079044342041,12.847094535827637,12.882990837097168,13.372156620025635,10.5157470703125,11.09858751296997,13.015332221984863,11.565346717834473,8.660743236541748,9.46653127670288,12.880678176879883,12.638442516326904,11.262245178222656,10.701565742492676,9.793508052825928,9.475736618041992,14.121372699737549,16.866378784179688,13.737249374389648,16.865861415863037
