{'Max_spout': 1000000.0, 'Spliters': 2, 'Counters': 9}, {'Max_spout': 10000.0, 'Spliters': 6, 'Counters': 18}, {'Max_spout': 1000.0, 'Spliters': 2, 'Counters': 12}, {'Max_spout': 1000.0, 'Spliters': 2, 'Counters': 9}, {'Max_spout': 1000.0, 'Spliters': 2, 'Counters': 12}, {'Max_spout': 100.0, 'Spliters': 3, 'Counters': 12}, {'Max_spout': 100.0, 'Spliters': 6, 'Counters': 15}, {'Max_spout': 10000.0, 'Spliters': 6, 'Counters': 9}, {'Max_spout': 1000000.0, 'Spliters': 1, 'Counters': 3}, {'Max_spout': 1000.0, 'Spliters': 2, 'Counters': 12}, {'Max_spout': 1000.0, 'Spliters': 6, 'Counters': 18}, {'Max_spout': 1000.0, 'Spliters': 1, 'Counters': 15}, {'Max_spout': 100.0, 'Spliters': 6, 'Counters': 12}, {'Max_spout': 10000.0, 'Spliters': 3, 'Counters': 12}, {'Max_spout': 100.0, 'Spliters': 2, 'Counters': 12}, {'Max_spout': 1000.0, 'Spliters': 1, 'Counters': 12}, {'Max_spout': 1000.0, 'Spliters': 6, 'Counters': 6}, {'Max_spout': 1000.0, 'Spliters': 1, 'Counters': 9}, {'Max_spout': 100.0, 'Spliters': 3, 'Counters': 12}, {'Max_spout': 1000000.0, 'Spliters': 6, 'Counters': 6}
0.5180559865256784, 0.44889835309221016, 0.38207560321211176, 0.4308876598834952, 0.38207560321211176, 0.5144171485858922, 0.4817930394651002, 0.46440171060253754, 0.39445597231778273, 0.38207560321211176, 0.4751683735659056, 0.4838366726732013, 0.46788156760283006, 0.5297767411705484, 0.4509522821374017, 0.5031445411148578, 0.46102757153250495, 0.4676862314673944, 0.5144171485858922, 0.4640992432358131
5.052235126495361,5.177044868469238,5.353734493255615,5.492238998413086,5.959908962249756,6.147103309631348,6.534135341644287,7.008156776428223,3.7593626976013184,3.663151264190674,4.51723575592041,4.739446640014648,3.1307411193847656,3.8629508018493652,4.708137512207031,3.5988211631774902,3.7189292907714844,3.8086748123168945,4.382748603820801,3.5619282722473145
