{'Max_spout': 1000000.0, 'Spliters': 2, 'Counters': 9}, {'Max_spout': 10000.0, 'Spliters': 6, 'Counters': 18}, {'Max_spout': 1000.0, 'Spliters': 2, 'Counters': 9}, {'Max_spout': 10000.0, 'Spliters': 2, 'Counters': 15}, {'Max_spout': 1000000.0, 'Spliters': 1, 'Counters': 9}, {'Max_spout': 100.0, 'Spliters': 2, 'Counters': 12}, {'Max_spout': 10000.0, 'Spliters': 6, 'Counters': 9}, {'Max_spout': 100.0, 'Spliters': 6, 'Counters': 15}, {'Max_spout': 1000.0, 'Spliters': 2, 'Counters': 12}, {'Max_spout': 1000.0, 'Spliters': 6, 'Counters': 18}, {'Max_spout': 1000000.0, 'Spliters': 1, 'Counters': 6}, {'Max_spout': 1000.0, 'Spliters': 1, 'Counters': 15}, {'Max_spout': 100.0, 'Spliters': 6, 'Counters': 12}, {'Max_spout': 100.0, 'Spliters': 2, 'Counters': 12}, {'Max_spout': 1000000.0, 'Spliters': 1, 'Counters': 3}, {'Max_spout': 1000.0, 'Spliters': 1, 'Counters': 12}, {'Max_spout': 100.0, 'Spliters': 3, 'Counters': 12}, {'Max_spout': 1000.0, 'Spliters': 2, 'Counters': 9}, {'Max_spout': 1000.0, 'Spliters': 2, 'Counters': 18}, {'Max_spout': 1000000.0, 'Spliters': 6, 'Counters': 6}
0.5180559865256784, 0.44889835309221016, 0.4308876598834952, 0.37396253693787807, 0.32012653299473015, 0.4509522821374017, 0.46440171060253754, 0.4817930394651002, 0.38207560321211176, 0.4751683735659056, 0.36846990554864756, 0.4838366726732013, 0.46788156760283006, 0.4509522821374017, 0.39445597231778273, 0.5031445411148578, 0.5144171485858922, 0.4308876598834952, 0.37732074296275253, 0.4640992432358131
6.726806163787842,6.79067850112915,6.788680553436279,7.697122097015381,6.643087863922119,6.6605305671691895,7.5308966636657715,7.341594696044922,6.269090175628662,7.514171600341797,7.739911079406738,7.588222026824951,4.256472587585449,6.076328754425049,5.904879570007324,5.467712879180908,5.445373058319092,4.77449893951416,5.15474796295166,4.388241767883301
