{'Max_spout': 100000.0, 'Spliters': 2, 'Counters': 16}, {'Max_spout': 1000000.0, 'Spliters': 2, 'Counters': 9}, {'Max_spout': 100000.0, 'Spliters': 2, 'Counters': 17}, {'Max_spout': 1000000.0, 'Spliters': 2, 'Counters': 13}, {'Max_spout': 1000000.0, 'Spliters': 2, 'Counters': 14}, {'Max_spout': 100000.0, 'Spliters': 2, 'Counters': 13}, {'Max_spout': 100000.0, 'Spliters': 2, 'Counters': 15}, {'Max_spout': 1000000.0, 'Spliters': 2, 'Counters': 16}, {'Max_spout': 100000.0, 'Spliters': 2, 'Counters': 14}, {'Max_spout': 100000.0, 'Spliters': 2, 'Counters': 15}, {'Max_spout': 100000.0, 'Spliters': 2, 'Counters': 14}, {'Max_spout': 1000000.0, 'Spliters': 2, 'Counters': 13}, {'Max_spout': 100000.0, 'Spliters': 2, 'Counters': 15}, {'Max_spout': 100000.0, 'Spliters': 2, 'Counters': 13}, {'Max_spout': 100000.0, 'Spliters': 2, 'Counters': 11}, {'Max_spout': 100000.0, 'Spliters': 2, 'Counters': 13}, {'Max_spout': 100000.0, 'Spliters': 2, 'Counters': 17}, {'Max_spout': 100000.0, 'Spliters': 2, 'Counters': 14}, {'Max_spout': 100000.0, 'Spliters': 2, 'Counters': 16}, {'Max_spout': 1000.0, 'Spliters': 1, 'Counters': 16}
0.1918988257740255, 0.2103927465921025, 0.12371969767889157, 0.1753336643562795, 0.20654669282586668, 0.14855608246731045, 0.132539345926719, 0.19902882585866655, 0.17424465104643616, 0.132539345926719, 0.17424465104643616, 0.1753336643562795, 0.132539345926719, 0.14855608246731045, 0.17117835533245507, 0.14855608246731045, 0.12371969767889157, 0.17424465104643616, 0.1918988257740255, 0.19199060033478188
30.6170392036438,31.61935567855835,31.671640872955322,32.43375301361084,29.89356756210327,30.03704309463501,30.55722951889038,30.447399616241455,29.86790418624878,30.061867237091064,30.748274326324463,31.275629997253418,32.647342681884766,34.197678565979004,34.4762659072876,33.325746059417725,32.80695676803589,30.29750347137451,30.503878593444824,32.53356218338013
