{'Max_spout': 100000.0, 'Spliters': 1, 'Counters': 7}, {'Max_spout': 100.0, 'Spliters': 2, 'Counters': 15}, {'Max_spout': 100.0, 'Spliters': 4, 'Counters': 12}, {'Max_spout': 100000.0, 'Spliters': 1, 'Counters': 10}, {'Max_spout': 100.0, 'Spliters': 3, 'Counters': 8}, {'Max_spout': 1000.0, 'Spliters': 2, 'Counters': 11}, {'Max_spout': 100000.0, 'Spliters': 3, 'Counters': 13}, {'Max_spout': 100.0, 'Spliters': 3, 'Counters': 17}, {'Max_spout': 1000.0, 'Spliters': 2, 'Counters': 7}, {'Max_spout': 1000000.0, 'Spliters': 2, 'Counters': 15}, {'Max_spout': 1000.0, 'Spliters': 3, 'Counters': 18}, {'Max_spout': 1000000.0, 'Spliters': 2, 'Counters': 7}, {'Max_spout': 1000000.0, 'Spliters': 2, 'Counters': 8}, {'Max_spout': 1000000.0, 'Spliters': 6, 'Counters': 1}, {'Max_spout': 1000000.0, 'Spliters': 2, 'Counters': 14}, {'Max_spout': 1000.0, 'Spliters': 3, 'Counters': 18}, {'Max_spout': 100000.0, 'Spliters': 4, 'Counters': 16}, {'Max_spout': 1000000.0, 'Spliters': 2, 'Counters': 9}, {'Max_spout': 1000.0, 'Spliters': 1, 'Counters': 18}, {'Max_spout': 1000000.0, 'Spliters': 6, 'Counters': 2}
0.2872648310416718, 0.30992077303550725, 0.34822409057535664, 0.2534341111142201, 0.325248384366684, 0.2649455695882317, 0.2942828815365135, 0.3253504638386049, 0.3025108134947627, 0.19052519703880066, 0.2693745704776018, 0.2768382309227042, 0.2540840823667212, 0.3128116492913352, 0.20654669282586668, 0.2693745704776018, 0.29533043546575555, 0.2103927465921025, 0.2169919538979822, 0.3231297728261573
4.585909843444824,4.8340654373168945,5.38686990737915,5.605404376983643,2.8427672386169434,4.138517379760742,4.180240631103516,3.9038658142089844,3.1584668159484863,4.412515163421631,4.095785617828369,4.078712463378906,4.55308198928833,4.689962863922119,4.51613187789917,5.449862480163574,4.8160552978515625,3.7408447265625,4.149150848388672,3.788747787475586
