{'Max_spout': 100000.0, 'Spliters': 2, 'Counters': 15}, {'Max_spout': 100000.0, 'Spliters': 2, 'Counters': 17}, {'Max_spout': 100000.0, 'Spliters': 2, 'Counters': 13}, {'Max_spout': 100000.0, 'Spliters': 2, 'Counters': 17}, {'Max_spout': 100000.0, 'Spliters': 2, 'Counters': 13}, {'Max_spout': 100000.0, 'Spliters': 2, 'Counters': 17}, {'Max_spout': 100000.0, 'Spliters': 2, 'Counters': 13}, {'Max_spout': 100000.0, 'Spliters': 2, 'Counters': 15}, {'Max_spout': 100000.0, 'Spliters': 2, 'Counters': 15}, {'Max_spout': 100000.0, 'Spliters': 2, 'Counters': 13}, {'Max_spout': 100000.0, 'Spliters': 2, 'Counters': 17}, {'Max_spout': 100000.0, 'Spliters': 2, 'Counters': 14}, {'Max_spout': 100000.0, 'Spliters': 2, 'Counters': 15}, {'Max_spout': 100000.0, 'Spliters': 2, 'Counters': 17}, {'Max_spout': 100000.0, 'Spliters': 2, 'Counters': 13}, {'Max_spout': 100000.0, 'Spliters': 2, 'Counters': 15}, {'Max_spout': 100000.0, 'Spliters': 2, 'Counters': 17}, {'Max_spout': 1000.0, 'Spliters': 1, 'Counters': 16}, {'Max_spout': 100000.0, 'Spliters': 2, 'Counters': 15}, {'Max_spout': 100000.0, 'Spliters': 2, 'Counters': 15}
0.132539345926719, 0.12371969767889157, 0.14855608246731045, 0.12371969767889157, 0.14855608246731045, 0.12371969767889157, 0.14855608246731045, 0.132539345926719, 0.132539345926719, 0.14855608246731045, 0.12371969767889157, 0.17424465104643616, 0.132539345926719, 0.12371969767889157, 0.14855608246731045, 0.132539345926719, 0.12371969767889157, 0.19199060033478188, 0.132539345926719, 0.132539345926719
61.27070188522339,61.63078308105469,63.20333480834961,63.807387351989746,59.56627130508423,59.57516431808472,58.122828006744385,65.49032688140869,77.61866092681885,78.86732578277588,79.77244853973389,73.65354537963867,57.37686634063721,60.93539237976074,62.872416973114014,62.555575370788574,80.7536268234253,78.98461103439331,76.13856554031372,76.43296957015991
