{'Max_spout': 1000.0, 'Spliters': 1, 'Counters': 16}, {'Max_spout': 1000000.0, 'Spliters': 2, 'Counters': 14}, {'Max_spout': 1000000.0, 'Spliters': 2, 'Counters': 9}, {'Max_spout': 1000000.0, 'Spliters': 2, 'Counters': 13}, {'Max_spout': 100000.0, 'Spliters': 3, 'Counters': 16}, {'Max_spout': 100000.0, 'Spliters': 2, 'Counters': 11}, {'Max_spout': 100.0, 'Spliters': 3, 'Counters': 17}, {'Max_spout': 100000.0, 'Spliters': 3, 'Counters': 13}, {'Max_spout': 100000.0, 'Spliters': 3, 'Counters': 9}, {'Max_spout': 1000000.0, 'Spliters': 2, 'Counters': 15}, {'Max_spout': 1000000.0, 'Spliters': 2, 'Counters': 13}, {'Max_spout': 100000.0, 'Spliters': 2, 'Counters': 14}, {'Max_spout': 1000000.0, 'Spliters': 2, 'Counters': 8}, {'Max_spout': 100000.0, 'Spliters': 2, 'Counters': 8}, {'Max_spout': 1000000.0, 'Spliters': 2, 'Counters': 14}, {'Max_spout': 100000.0, 'Spliters': 2, 'Counters': 11}, {'Max_spout': 100000.0, 'Spliters': 4, 'Counters': 16}, {'Max_spout': 1000.0, 'Spliters': 1, 'Counters': 18}, {'Max_spout': 1000.0, 'Spliters': 1, 'Counters': 16}, {'Max_spout': 1000.0, 'Spliters': 3, 'Counters': 12}
0.19199060033478188, 0.20654669282586668, 0.2103927465921025, 0.1753336643562795, 0.28151527984355207, 0.17117835533245507, 0.3253504638386049, 0.2942828815365135, 0.2958046160191451, 0.19052519703880066, 0.1753336643562795, 0.17424465104643616, 0.2540840823667212, 0.2892939653335842, 0.20654669282586668, 0.17117835533245507, 0.29533043546575555, 0.2169919538979822, 0.19199060033478188, 0.27320635495790613
10.765297412872314,11.630184650421143,12.68150806427002,13.231003284454346,8.46898078918457,9.536046981811523,8.457400798797607,9.265270233154297,7.6932573318481445,8.295648097991943,8.263225555419922,9.859471321105957,9.514799118041992,10.07422924041748,8.665690422058105,10.401930809020996,8.34024429321289,7.506279945373535,7.564566135406494,7.72876501083374
