{'Max_spout': 1000.0, 'Spliters': 1, 'Counters': 16}, {'Max_spout': 1000000.0, 'Spliters': 2, 'Counters': 14}, {'Max_spout': 100.0, 'Spliters': 4, 'Counters': 12}, {'Max_spout': 100000.0, 'Spliters': 1, 'Counters': 10}, {'Max_spout': 100.0, 'Spliters': 3, 'Counters': 8}, {'Max_spout': 100.0, 'Spliters': 3, 'Counters': 17}, {'Max_spout': 1000000.0, 'Spliters': 2, 'Counters': 9}, {'Max_spout': 100000.0, 'Spliters': 3, 'Counters': 13}, {'Max_spout': 1000.0, 'Spliters': 2, 'Counters': 7}, {'Max_spout': 1000000.0, 'Spliters': 2, 'Counters': 15}, {'Max_spout': 1000000.0, 'Spliters': 2, 'Counters': 7}, {'Max_spout': 1000.0, 'Spliters': 2, 'Counters': 14}, {'Max_spout': 1000000.0, 'Spliters': 2, 'Counters': 8}, {'Max_spout': 1000000.0, 'Spliters': 2, 'Counters': 14}, {'Max_spout': 1000000.0, 'Spliters': 4, 'Counters': 14}, {'Max_spout': 1000.0, 'Spliters': 2, 'Counters': 11}, {'Max_spout': 1000000.0, 'Spliters': 2, 'Counters': 9}, {'Max_spout': 100000.0, 'Spliters': 4, 'Counters': 16}, {'Max_spout': 1000.0, 'Spliters': 1, 'Counters': 18}, {'Max_spout': 100000.0, 'Spliters': 1, 'Counters': 8}
0.19199060033478188, 0.20654669282586668, 0.34822409057535664, 0.2534341111142201, 0.325248384366684, 0.3253504638386049, 0.2103927465921025, 0.2942828815365135, 0.3025108134947627, 0.19052519703880066, 0.2768382309227042, 0.2510153150420056, 0.2540840823667212, 0.20654669282586668, 0.3111936531914209, 0.2649455695882317, 0.2103927465921025, 0.29533043546575555, 0.2169919538979822, 0.27990932392186396
6.2331342697143555,6.361432075500488,6.9141340255737305,6.915409564971924,4.3380045890808105,4.881596565246582,5.714831352233887,5.39907693862915,4.415075778961182,4.688897132873535,4.912378787994385,5.416462421417236,7.401208877563477,6.311712265014648,7.375321388244629,9.104716777801514,6.643056869506836,8.548903465270996,7.206823825836182,5.866906642913818
