{'Max_spout': 1000000.0, 'Spliters': 2, 'Counters': 14}, {'Max_spout': 1000.0, 'Spliters': 1, 'Counters': 16}, {'Max_spout': 1000.0, 'Spliters': 1, 'Counters': 14}, {'Max_spout': 1000000.0, 'Spliters': 6, 'Counters': 2}, {'Max_spout': 1000000.0, 'Spliters': 2, 'Counters': 9}, {'Max_spout': 100000.0, 'Spliters': 3, 'Counters': 13}, {'Max_spout': 100000.0, 'Spliters': 3, 'Counters': 16}, {'Max_spout': 100.0, 'Spliters': 3, 'Counters': 17}, {'Max_spout': 1000000.0, 'Spliters': 2, 'Counters': 15}, {'Max_spout': 1000.0, 'Spliters': 2, 'Counters': 14}, {'Max_spout': 100000.0, 'Spliters': 3, 'Counters': 9}, {'Max_spout': 1000000.0, 'Spliters': 2, 'Counters': 13}, {'Max_spout': 1000000.0, 'Spliters': 2, 'Counters': 8}, {'Max_spout': 1000000.0, 'Spliters': 4, 'Counters': 14}, {'Max_spout': 1000000.0, 'Spliters': 2, 'Counters': 14}, {'Max_spout': 100000.0, 'Spliters': 2, 'Counters': 11}, {'Max_spout': 100000.0, 'Spliters': 4, 'Counters': 16}, {'Max_spout': 1000.0, 'Spliters': 1, 'Counters': 18}, {'Max_spout': 1000.0, 'Spliters': 1, 'Counters': 16}, {'Max_spout': 100000.0, 'Spliters': 1, 'Counters': 8}
0.20654669282586668, 0.19199060033478188, 0.21626152942507804, 0.3231297728261573, 0.2103927465921025, 0.2942828815365135, 0.28151527984355207, 0.3253504638386049, 0.19052519703880066, 0.2510153150420056, 0.2958046160191451, 0.1753336643562795, 0.2540840823667212, 0.3111936531914209, 0.20654669282586668, 0.17117835533245507, 0.29533043546575555, 0.2169919538979822, 0.19199060033478188, 0.27990932392186396
8.260326385498047,8.498890399932861,9.133384227752686,10.052399635314941,8.20300579071045,7.3241376876831055,8.445122241973877,7.405414581298828,8.820621967315674,9.9623441696167,10.69277048110962,12.676782608032227,10.96787691116333,10.493617057800293,8.798480033874512,12.917623519897461,7.808535099029541,7.408294677734375,7.1149396896362305,6.796138286590576
