{'Max_spout': 1000.0, 'Spliters': 1, 'Counters': 16}, {'Max_spout': 1000000.0, 'Spliters': 2, 'Counters': 14}, {'Max_spout': 1000000.0, 'Spliters': 2, 'Counters': 9}, {'Max_spout': 1000000.0, 'Spliters': 2, 'Counters': 13}, {'Max_spout': 100000.0, 'Spliters': 3, 'Counters': 16}, {'Max_spout': 100000.0, 'Spliters': 2, 'Counters': 11}, {'Max_spout': 100000.0, 'Spliters': 2, 'Counters': 13}, {'Max_spout': 1000000.0, 'Spliters': 3, 'Counters': 9}, {'Max_spout': 100000.0, 'Spliters': 2, 'Counters': 14}, {'Max_spout': 1000000.0, 'Spliters': 2, 'Counters': 15}, {'Max_spout': 1000000.0, 'Spliters': 2, 'Counters': 13}, {'Max_spout': 100000.0, 'Spliters': 2, 'Counters': 14}, {'Max_spout': 100000.0, 'Spliters': 2, 'Counters': 15}, {'Max_spout': 100000.0, 'Spliters': 2, 'Counters': 13}, {'Max_spout': 1000000.0, 'Spliters': 2, 'Counters': 15}, {'Max_spout': 100000.0, 'Spliters': 2, 'Counters': 11}, {'Max_spout': 100000.0, 'Spliters': 2, 'Counters': 17}, {'Max_spout': 1000.0, 'Spliters': 1, 'Counters': 13}, {'Max_spout': 100000.0, 'Spliters': 2, 'Counters': 16}, {'Max_spout': 100000.0, 'Spliters': 2, 'Counters': 14}
0.19199060033478188, 0.20654669282586668, 0.2103927465921025, 0.1753336643562795, 0.28151527984355207, 0.17117835533245507, 0.14855608246731045, 0.2891545294288054, 0.17424465104643616, 0.19052519703880066, 0.1753336643562795, 0.17424465104643616, 0.132539345926719, 0.14855608246731045, 0.19052519703880066, 0.17117835533245507, 0.12371969767889157, 0.21612041686248584, 0.1918988257740255, 0.17424465104643616
16.84403657913208,17.42642641067505,19.28760528564453,20.986227989196777,15.991120338439941,17.648296356201172,17.27956771850586,15.755553245544434,16.813960075378418,15.40750503540039,17.03779697418213,17.168006896972656,17.21856117248535,19.507627487182617,16.76220417022705,17.682676315307617,17.734534740447998,16.0152268409729,16.18359088897705,16.555640697479248
