{'Max_spout': 1000.0, 'Spliters': 2, 'Counters': 9}, {'Max_spout': 1000.0, 'Spliters': 2, 'Counters': 12}, {'Max_spout': 1000000.0, 'Spliters': 2, 'Counters': 9}, {'Max_spout': 100.0, 'Spliters': 2, 'Counters': 15}, {'Max_spout': 100.0, 'Spliters': 2, 'Counters': 12}, {'Max_spout': 1000.0, 'Spliters': 2, 'Counters': 12}, {'Max_spout': 1000.0, 'Spliters': 2, 'Counters': 15}, {'Max_spout': 1000.0, 'Spliters': 2, 'Counters': 12}, {'Max_spout': 1000.0, 'Spliters': 1, 'Counters': 18}, {'Max_spout': 1000.0, 'Spliters': 2, 'Counters': 9}, {'Max_spout': 10000.0, 'Spliters': 2, 'Counters': 18}, {'Max_spout': 100.0, 'Spliters': 2, 'Counters': 9}, {'Max_spout': 1000.0, 'Spliters': 2, 'Counters': 9}, {'Max_spout': 1000.0, 'Spliters': 2, 'Counters': 6}, {'Max_spout': 1000000.0, 'Spliters': 2, 'Counters': 15}, {'Max_spout': 1000.0, 'Spliters': 1, 'Counters': 12}, {'Max_spout': 1000000.0, 'Spliters': 6, 'Counters': 6}, {'Max_spout': 1000.0, 'Spliters': 2, 'Counters': 6}, {'Max_spout': 1000.0, 'Spliters': 6, 'Counters': 6}, {'Max_spout': 100.0, 'Spliters': 2, 'Counters': 18}
0.3843556979164898, 0.34825220828017067, 0.41464190904005405, 0.42069156568117205, 0.405608670201996, 0.34825220828017067, 0.3534006710681069, 0.34825220828017067, 0.48580836249766923, 0.3843556979164898, 0.4202161119317217, 0.4332312508997562, 0.3843556979164898, 0.42471564247809135, 0.4437836724363142, 0.4822687008709523, 0.4607099566646824, 0.42471564247809135, 0.4665671268518795, 0.4007921025523584
6.818690299987793,7.215476036071777,7.459158897399902,7.870216369628906,4.6532416343688965,5.219600200653076,6.617274284362793,7.592577934265137,6.594667434692383,7.851917743682861,9.02888536453247,8.269650936126709,8.062903881072998,6.186842918395996,7.396225929260254,6.893055438995361,7.210426330566406,6.675024032592773,6.007366180419922,6.487295627593994
