{'Max_spout': 1000.0, 'Spliters': 2, 'Counters': 12}, {'Max_spout': 10000.0, 'Spliters': 2, 'Counters': 9}, {'Max_spout': 1000.0, 'Spliters': 2, 'Counters': 12}, {'Max_spout': 1000.0, 'Spliters': 2, 'Counters': 15}, {'Max_spout': 1000.0, 'Spliters': 2, 'Counters': 12}, {'Max_spout': 1000.0, 'Spliters': 2, 'Counters': 15}, {'Max_spout': 1000.0, 'Spliters': 2, 'Counters': 15}, {'Max_spout': 1000.0, 'Spliters': 2, 'Counters': 12}, {'Max_spout': 1000.0, 'Spliters': 2, 'Counters': 15}, {'Max_spout': 1000.0, 'Spliters': 2, 'Counters': 12}, {'Max_spout': 1000.0, 'Spliters': 2, 'Counters': 15}, {'Max_spout': 10000.0, 'Spliters': 2, 'Counters': 9}, {'Max_spout': 1000.0, 'Spliters': 2, 'Counters': 12}, {'Max_spout': 1000.0, 'Spliters': 2, 'Counters': 12}, {'Max_spout': 10000.0, 'Spliters': 2, 'Counters': 9}, {'Max_spout': 1000.0, 'Spliters': 2, 'Counters': 15}, {'Max_spout': 1000.0, 'Spliters': 2, 'Counters': 12}, {'Max_spout': 1000.0, 'Spliters': 2, 'Counters': 12}, {'Max_spout': 1000.0, 'Spliters': 2, 'Counters': 12}, {'Max_spout': 10000.0, 'Spliters': 2, 'Counters': 9}
0.34825220828017067, 0.3915810157618045, 0.34825220828017067, 0.3534006710681069, 0.34825220828017067, 0.3534006710681069, 0.3534006710681069, 0.34825220828017067, 0.3534006710681069, 0.34825220828017067, 0.3534006710681069, 0.3915810157618045, 0.34825220828017067, 0.34825220828017067, 0.3915810157618045, 0.3534006710681069, 0.34825220828017067, 0.34825220828017067, 0.34825220828017067, 0.3915810157618045
23.25505495071411,25.19498586654663,25.830726623535156,26.206488609313965,31.745014190673828,33.85061025619507,36.50421857833862,36.24781131744385,40.06558895111084,41.9642972946167,39.6516489982605,40.297138690948486,28.713767528533936,31.25185489654541,28.710756301879883,29.141433238983154,30.525760650634766,31.426897048950195,29.394755363464355,30.163016319274902
