{'Max_spout': 10000.0, 'Spliters': 6, 'Counters': 18}, {'Max_spout': 1000000.0, 'Spliters': 2, 'Counters': 9}, {'Max_spout': 1000.0, 'Spliters': 2, 'Counters': 12}, {'Max_spout': 1000.0, 'Spliters': 2, 'Counters': 9}, {'Max_spout': 100.0, 'Spliters': 2, 'Counters': 12}, {'Max_spout': 1000.0, 'Spliters': 2, 'Counters': 12}, {'Max_spout': 10000.0, 'Spliters': 6, 'Counters': 9}, {'Max_spout': 1000.0, 'Spliters': 2, 'Counters': 12}, {'Max_spout': 1000.0, 'Spliters': 1, 'Counters': 18}, {'Max_spout': 1000.0, 'Spliters': 6, 'Counters': 18}, {'Max_spout': 1000.0, 'Spliters': 2, 'Counters': 9}, {'Max_spout': 100.0, 'Spliters': 2, 'Counters': 9}, {'Max_spout': 100.0, 'Spliters': 2, 'Counters': 12}, {'Max_spout': 1000000.0, 'Spliters': 2, 'Counters': 15}, {'Max_spout': 100.0, 'Spliters': 6, 'Counters': 12}, {'Max_spout': 1000.0, 'Spliters': 1, 'Counters': 12}, {'Max_spout': 1000000.0, 'Spliters': 2, 'Counters': 12}, {'Max_spout': 1000.0, 'Spliters': 6, 'Counters': 6}, {'Max_spout': 1000.0, 'Spliters': 2, 'Counters': 6}, {'Max_spout': 10000.0, 'Spliters': 2, 'Counters': 12}
0.4475080432583598, 0.41464190904005405, 0.34825220828017067, 0.3843556979164898, 0.405608670201996, 0.34825220828017067, 0.46278694480825155, 0.34825220828017067, 0.48580836249766923, 0.46457481367963727, 0.3843556979164898, 0.4332312508997562, 0.405608670201996, 0.4437836724363142, 0.48720995808056355, 0.4822687008709523, 0.47464293365645127, 0.4665671268518795, 0.42471564247809135, 0.4060542266639211
6.041266918182373,6.050631999969482,6.169934272766113,6.320054531097412,4.556989669799805,4.885745048522949,5.620851516723633,5.809156894683838,3.42177152633667,4.798133373260498,4.989967346191406,5.092475414276123,4.784302711486816,4.7580647468566895,4.095444679260254,4.954397678375244,6.623337268829346,5.79986572265625,6.285667419433594,6.154072284698486
