{'Max_spout': 1000.0, 'Spliters': 2, 'Counters': 12}, {'Max_spout': 1000.0, 'Spliters': 2, 'Counters': 12}, {'Max_spout': 1000.0, 'Spliters': 2, 'Counters': 12}, {'Max_spout': 1000.0, 'Spliters': 2, 'Counters': 12}, {'Max_spout': 1000.0, 'Spliters': 2, 'Counters': 12}, {'Max_spout': 1000.0, 'Spliters': 2, 'Counters': 12}, {'Max_spout': 1000.0, 'Spliters': 2, 'Counters': 12}, {'Max_spout': 1000.0, 'Spliters': 2, 'Counters': 12}, {'Max_spout': 1000.0, 'Spliters': 2, 'Counters': 12}, {'Max_spout': 1000.0, 'Spliters': 2, 'Counters': 12}, {'Max_spout': 1000.0, 'Spliters': 2, 'Counters': 12}, {'Max_spout': 1000.0, 'Spliters': 2, 'Counters': 12}, {'Max_spout': 1000.0, 'Spliters': 2, 'Counters': 12}, {'Max_spout': 1000.0, 'Spliters': 2, 'Counters': 12}, {'Max_spout': 1000.0, 'Spliters': 2, 'Counters': 12}, {'Max_spout': 1000.0, 'Spliters': 2, 'Counters': 12}, {'Max_spout': 1000.0, 'Spliters': 2, 'Counters': 12}, {'Max_spout': 1000.0, 'Spliters': 2, 'Counters': 12}, {'Max_spout': 1000.0, 'Spliters': 2, 'Counters': 12}, {'Max_spout': 1000.0, 'Spliters': 2, 'Counters': 15}
0.34825220828017067, 0.34825220828017067, 0.34825220828017067, 0.34825220828017067, 0.34825220828017067, 0.34825220828017067, 0.34825220828017067, 0.34825220828017067, 0.34825220828017067, 0.34825220828017067, 0.34825220828017067, 0.34825220828017067, 0.34825220828017067, 0.34825220828017067, 0.34825220828017067, 0.34825220828017067, 0.34825220828017067, 0.34825220828017067, 0.34825220828017067, 0.3534006710681069
45.65075159072876,47.66448259353638,48.11813831329346,49.58127498626709,61.953723430633545,66.05198383331299,66.81769847869873,65.45194864273071,49.64194297790527,49.525418281555176,49.62236166000366,50.624356269836426,49.0142035484314,48.264620304107666,48.20244073867798,50.51928520202637,61.66299343109131,61.78686857223511,65.3798246383667,64.21517372131348
