{'Max_spout': 1000000.0, 'Spliters': 2, 'Counters': 9}, {'Max_spout': 1000.0, 'Spliters': 2, 'Counters': 9}, {'Max_spout': 1000.0, 'Spliters': 2, 'Counters': 12}, {'Max_spout': 100.0, 'Spliters': 2, 'Counters': 15}, {'Max_spout': 100.0, 'Spliters': 2, 'Counters': 12}, {'Max_spout': 1000.0, 'Spliters': 2, 'Counters': 12}, {'Max_spout': 1000.0, 'Spliters': 2, 'Counters': 15}, {'Max_spout': 1000.0, 'Spliters': 2, 'Counters': 12}, {'Max_spout': 1000.0, 'Spliters': 1, 'Counters': 18}, {'Max_spout': 1000.0, 'Spliters': 2, 'Counters': 9}, {'Max_spout': 10000.0, 'Spliters': 2, 'Counters': 18}, {'Max_spout': 100.0, 'Spliters': 2, 'Counters': 9}, {'Max_spout': 1000.0, 'Spliters': 2, 'Counters': 9}, {'Max_spout': 1000000.0, 'Spliters': 2, 'Counters': 15}, {'Max_spout': 1000.0, 'Spliters': 2, 'Counters': 6}, {'Max_spout': 1000.0, 'Spliters': 1, 'Counters': 12}, {'Max_spout': 1000.0, 'Spliters': 6, 'Counters': 6}, {'Max_spout': 1000000.0, 'Spliters': 6, 'Counters': 12}, {'Max_spout': 1000.0, 'Spliters': 2, 'Counters': 6}, {'Max_spout': 100.0, 'Spliters': 2, 'Counters': 18}
0.41464190904005405, 0.3843556979164898, 0.34825220828017067, 0.42069156568117205, 0.405608670201996, 0.34825220828017067, 0.3534006710681069, 0.34825220828017067, 0.48580836249766923, 0.3843556979164898, 0.4202161119317217, 0.4332312508997562, 0.3843556979164898, 0.4437836724363142, 0.42471564247809135, 0.4822687008709523, 0.4665671268518795, 0.45132372310007496, 0.42471564247809135, 0.4007921025523584
7.06221342086792,7.353718280792236,7.588684558868408,7.856345176696777,6.884102821350098,7.915182113647461,9.579017162322998,9.903490543365479,6.032929420471191,6.301372051239014,7.935230731964111,6.940560340881348,8.794252872467041,8.62041711807251,8.584113121032715,9.347314834594727,8.742640018463135,12.148275375366211,10.098786354064941,8.67328405380249
