{'Max_spout': 10000.0, 'Spliters': 6, 'Counters': 18}, {'Max_spout': 1000000.0, 'Spliters': 2, 'Counters': 9}, {'Max_spout': 1000.0, 'Spliters': 2, 'Counters': 9}, {'Max_spout': 1000.0, 'Spliters': 2, 'Counters': 12}, {'Max_spout': 10.0, 'Spliters': 2, 'Counters': 15}, {'Max_spout': 1000.0, 'Spliters': 2, 'Counters': 12}, {'Max_spout': 10000.0, 'Spliters': 6, 'Counters': 9}, {'Max_spout': 1000000.0, 'Spliters': 6, 'Counters': 12}, {'Max_spout': 1000.0, 'Spliters': 1, 'Counters': 18}, {'Max_spout': 1000.0, 'Spliters': 6, 'Counters': 18}, {'Max_spout': 1000.0, 'Spliters': 2, 'Counters': 9}, {'Max_spout': 100.0, 'Spliters': 2, 'Counters': 12}, {'Max_spout': 100.0, 'Spliters': 2, 'Counters': 9}, {'Max_spout': 100.0, 'Spliters': 6, 'Counters': 12}, {'Max_spout': 1000000.0, 'Spliters': 2, 'Counters': 15}, {'Max_spout': 1000.0, 'Spliters': 1, 'Counters': 12}, {'Max_spout': 100.0, 'Spliters': 1, 'Counters': 6}, {'Max_spout': 1000.0, 'Spliters': 1, 'Counters': 9}, {'Max_spout': 1000.0, 'Spliters': 6, 'Counters': 6}, {'Max_spout': 10000.0, 'Spliters': 2, 'Counters': 12}
0.4475080432583598, 0.41464190904005405, 0.3843556979164898, 0.34825220828017067, 0.518476046580786, 0.34825220828017067, 0.46278694480825155, 0.45132372310007496, 0.48580836249766923, 0.46457481367963727, 0.3843556979164898, 0.405608670201996, 0.4332312508997562, 0.48720995808056355, 0.4437836724363142, 0.4822687008709523, 0.5257632883624768, 0.5091757783345431, 0.4665671268518795, 0.4060542266639211
4.147036075592041,4.16799783706665,4.360182285308838,4.4141316413879395,2.0569896697998047,2.9772186279296875,5.7415080070495605,5.849957466125488,4.030857086181641,5.845742225646973,4.676570892333984,4.94307279586792,5.366547107696533,2.66085147857666,4.371953010559082,3.670327663421631,4.140682220458984,3.798990249633789,4.179658889770508,3.9630722999572754
