{'Max_spout': 1000000.0, 'Spliters': 2, 'Counters': 9}, {'Max_spout': 1000.0, 'Spliters': 2, 'Counters': 12}, {'Max_spout': 1000.0, 'Spliters': 2, 'Counters': 9}, {'Max_spout': 1000.0, 'Spliters': 2, 'Counters': 15}, {'Max_spout': 1000.0, 'Spliters': 2, 'Counters': 12}, {'Max_spout': 100.0, 'Spliters': 2, 'Counters': 12}, {'Max_spout': 1000.0, 'Spliters': 2, 'Counters': 15}, {'Max_spout': 1000.0, 'Spliters': 2, 'Counters': 12}, {'Max_spout': 1000.0, 'Spliters': 2, 'Counters': 15}, {'Max_spout': 1000.0, 'Spliters': 2, 'Counters': 18}, {'Max_spout': 1000.0, 'Spliters': 2, 'Counters': 9}, {'Max_spout': 10000.0, 'Spliters': 2, 'Counters': 9}, {'Max_spout': 10000.0, 'Spliters': 2, 'Counters': 6}, {'Max_spout': 1000.0, 'Spliters': 2, 'Counters': 12}, {'Max_spout': 1000.0, 'Spliters': 2, 'Counters': 12}, {'Max_spout': 10000.0, 'Spliters': 2, 'Counters': 9}, {'Max_spout': 1000.0, 'Spliters': 2, 'Counters': 6}, {'Max_spout': 1000.0, 'Spliters': 2, 'Counters': 12}, {'Max_spout': 1000.0, 'Spliters': 2, 'Counters': 15}, {'Max_spout': 100.0, 'Spliters': 2, 'Counters': 18}
0.41464190904005405, 0.34825220828017067, 0.3843556979164898, 0.3534006710681069, 0.34825220828017067, 0.405608670201996, 0.3534006710681069, 0.34825220828017067, 0.3534006710681069, 0.3670307857723123, 0.3843556979164898, 0.3915810157618045, 0.4048595507354926, 0.34825220828017067, 0.34825220828017067, 0.3915810157618045, 0.42471564247809135, 0.34825220828017067, 0.3534006710681069, 0.4007921025523584
13.712983131408691,13.949522972106934,14.449770450592041,14.731855392456055,13.208179473876953,13.129856586456299,14.875011444091797,14.687941074371338,13.04356336593628,13.975152969360352,13.372223377227783,15.246391296386719,14.061486721038818,16.788575649261475,15.54903268814087,15.693807601928711,15.445492267608643,17.777395248413086,17.008850574493408,15.009958744049072
