{'Max_spout': 1000.0, 'Spliters': 2, 'Counters': 15}, {'Max_spout': 1000.0, 'Spliters': 2, 'Counters': 15}, {'Max_spout': 1000.0, 'Spliters': 2, 'Counters': 15}, {'Max_spout': 10000.0, 'Spliters': 2, 'Counters': 12}, {'Max_spout': 1000.0, 'Spliters': 2, 'Counters': 15}, {'Max_spout': 10000.0, 'Spliters': 2, 'Counters': 12}, {'Max_spout': 1000.0, 'Spliters': 2, 'Counters': 15}, {'Max_spout': 10000.0, 'Spliters': 2, 'Counters': 18}, {'Max_spout': 1000.0, 'Spliters': 2, 'Counters': 15}, {'Max_spout': 1000.0, 'Spliters': 2, 'Counters': 15}, {'Max_spout': 1000.0, 'Spliters': 2, 'Counters': 15}, {'Max_spout': 1000.0, 'Spliters': 2, 'Counters': 15}, {'Max_spout': 1000.0, 'Spliters': 2, 'Counters': 15}, {'Max_spout': 10000.0, 'Spliters': 2, 'Counters': 12}, {'Max_spout': 10000.0, 'Spliters': 2, 'Counters': 12}, {'Max_spout': 1000.0, 'Spliters': 2, 'Counters': 15}, {'Max_spout': 1000.0, 'Spliters': 2, 'Counters': 15}, {'Max_spout': 1000000.0, 'Spliters': 2, 'Counters': 9}, {'Max_spout': 1000.0, 'Spliters': 2, 'Counters': 15}, {'Max_spout': 1000.0, 'Spliters': 2, 'Counters': 15}
0.33404364197772773, 0.33404364197772773, 0.33404364197772773, 0.3777081854880393, 0.33404364197772773, 0.3777081854880393, 0.33404364197772773, 0.3893870191155626, 0.33404364197772773, 0.33404364197772773, 0.33404364197772773, 0.33404364197772773, 0.33404364197772773, 0.3777081854880393, 0.3777081854880393, 0.33404364197772773, 0.33404364197772773, 0.3961943038278054, 0.33404364197772773, 0.33404364197772773
47.57812261581421,48.18248987197876,49.02926445007324,49.030115604400635,50.62601089477539,51.53481483459473,53.023412227630615,54.8370623588562,52.96201944351196,51.69713735580444,54.779884815216064,52.04369068145752,54.43976163864136,56.87400579452515,55.29313802719116,56.03742599487305,48.16991090774536,52.23451852798462,49.52204942703247,48.01870822906494
