{'Max_spout': 1000.0, 'Spliters': 2, 'Counters': 12}, {'Max_spout': 10000.0, 'Spliters': 6, 'Counters': 18}, {'Max_spout': 1000.0, 'Spliters': 2, 'Counters': 9}, {'Max_spout': 1000000.0, 'Spliters': 2, 'Counters': 9}, {'Max_spout': 1000.0, 'Spliters': 2, 'Counters': 12}, {'Max_spout': 1000000.0, 'Spliters': 2, 'Counters': 9}, {'Max_spout': 100.0, 'Spliters': 6, 'Counters': 15}, {'Max_spout': 10000.0, 'Spliters': 6, 'Counters': 9}, {'Max_spout': 1000000.0, 'Spliters': 2, 'Counters': 9}, {'Max_spout': 1000000.0, 'Spliters': 6, 'Counters': 15}, {'Max_spout': 1000.0, 'Spliters': 2, 'Counters': 15}, {'Max_spout': 1000.0, 'Spliters': 1, 'Counters': 18}, {'Max_spout': 100.0, 'Spliters': 2, 'Counters': 12}, {'Max_spout': 100.0, 'Spliters': 6, 'Counters': 12}, {'Max_spout': 1000000.0, 'Spliters': 3, 'Counters': 12}, {'Max_spout': 1000.0, 'Spliters': 1, 'Counters': 12}, {'Max_spout': 100.0, 'Spliters': 3, 'Counters': 12}, {'Max_spout': 1000.0, 'Spliters': 6, 'Counters': 6}, {'Max_spout': 1000.0, 'Spliters': 2, 'Counters': 6}, {'Max_spout': 10000.0, 'Spliters': 2, 'Counters': 9}
0.353038171607748, 0.45021922311446794, 0.40781820730939655, 0.3961943038278054, 0.353038171607748, 0.3961943038278054, 0.493974959551124, 0.4512162617317901, 0.3961943038278054, 0.45382663094968345, 0.33404364197772773, 0.4716801687125022, 0.44564373939940793, 0.47649569730883223, 0.5292402274089794, 0.4853618212673064, 0.509264938899184, 0.4579822016278874, 0.41431724775011136, 0.391479583096187
7.217504978179932,7.3761677742004395,7.452635765075684,7.577011585235596,3.809514045715332,4.597752094268799,4.5931267738342285,4.991893768310547,4.2671990394592285,4.5474958419799805,6.025955677032471,6.129591464996338,5.951719284057617,3.8747167587280273,5.443127155303955,4.957888126373291,5.274672508239746,4.84011173248291,5.524344444274902,4.976437091827393
