{'Max_spout': 1000.0, 'Spliters': 2, 'Counters': 12}, {'Max_spout': 1000000.0, 'Spliters': 2, 'Counters': 9}, {'Max_spout': 1000.0, 'Spliters': 2, 'Counters': 9}, {'Max_spout': 100.0, 'Spliters': 2, 'Counters': 15}, {'Max_spout': 1000.0, 'Spliters': 2, 'Counters': 12}, {'Max_spout': 1000000.0, 'Spliters': 2, 'Counters': 9}, {'Max_spout': 1000.0, 'Spliters': 2, 'Counters': 15}, {'Max_spout': 1000000.0, 'Spliters': 6, 'Counters': 15}, {'Max_spout': 1000000.0, 'Spliters': 2, 'Counters': 9}, {'Max_spout': 1000.0, 'Spliters': 2, 'Counters': 18}, {'Max_spout': 1000.0, 'Spliters': 2, 'Counters': 15}, {'Max_spout': 1000.0, 'Spliters': 2, 'Counters': 18}, {'Max_spout': 100.0, 'Spliters': 2, 'Counters': 12}, {'Max_spout': 1000.0, 'Spliters': 2, 'Counters': 6}, {'Max_spout': 1000.0, 'Spliters': 1, 'Counters': 12}, {'Max_spout': 1000.0, 'Spliters': 1, 'Counters': 12}, {'Max_spout': 1000000.0, 'Spliters': 6, 'Counters': 6}, {'Max_spout': 1000.0, 'Spliters': 2, 'Counters': 6}, {'Max_spout': 1000000.0, 'Spliters': 6, 'Counters': 9}, {'Max_spout': 10000.0, 'Spliters': 2, 'Counters': 9}
0.353038171607748, 0.3961943038278054, 0.40781820730939655, 0.41821186046824166, 0.353038171607748, 0.3961943038278054, 0.33404364197772773, 0.45382663094968345, 0.3961943038278054, 0.3513569799560069, 0.33404364197772773, 0.3513569799560069, 0.44564373939940793, 0.41431724775011136, 0.4853618212673064, 0.4853618212673064, 0.4701804099594522, 0.41431724775011136, 0.45474848674620594, 0.391479583096187
8.236477375030518,8.276731967926025,8.266294002532959,8.72795820236206,4.950346946716309,6.576948165893555,7.171468734741211,6.9612932205200195,6.1159348487854,6.754462718963623,7.517685890197754,9.298663139343262,7.772700786590576,6.948561668395996,8.241441249847412,7.296934127807617,7.8389692306518555,7.154786586761475,6.732747554779053,6.024265289306641
