{'Max_spout': 10000.0, 'Spliters': 6, 'Counters': 18}, {'Max_spout': 1000.0, 'Spliters': 2, 'Counters': 12}, {'Max_spout': 1000000.0, 'Spliters': 2, 'Counters': 9}, {'Max_spout': 1000.0, 'Spliters': 2, 'Counters': 9}, {'Max_spout': 1000.0, 'Spliters': 2, 'Counters': 12}, {'Max_spout': 100.0, 'Spliters': 3, 'Counters': 12}, {'Max_spout': 100.0, 'Spliters': 6, 'Counters': 15}, {'Max_spout': 10000.0, 'Spliters': 6, 'Counters': 9}, {'Max_spout': 1000000.0, 'Spliters': 2, 'Counters': 9}, {'Max_spout': 1000.0, 'Spliters': 6, 'Counters': 18}, {'Max_spout': 1000000.0, 'Spliters': 6, 'Counters': 15}, {'Max_spout': 1000.0, 'Spliters': 2, 'Counters': 9}, {'Max_spout': 100.0, 'Spliters': 2, 'Counters': 12}, {'Max_spout': 100.0, 'Spliters': 6, 'Counters': 12}, {'Max_spout': 10000.0, 'Spliters': 3, 'Counters': 12}, {'Max_spout': 1000.0, 'Spliters': 1, 'Counters': 12}, {'Max_spout': 1000.0, 'Spliters': 1, 'Counters': 9}, {'Max_spout': 100.0, 'Spliters': 3, 'Counters': 12}, {'Max_spout': 1000.0, 'Spliters': 6, 'Counters': 6}, {'Max_spout': 10000.0, 'Spliters': 2, 'Counters': 9}
0.45021922311446794, 0.353038171607748, 0.3961943038278054, 0.40781820730939655, 0.353038171607748, 0.509264938899184, 0.493974959551124, 0.4512162617317901, 0.3961943038278054, 0.4716991532748779, 0.45382663094968345, 0.40781820730939655, 0.44564373939940793, 0.47649569730883223, 0.532695489531676, 0.4853618212673064, 0.5174469340638226, 0.509264938899184, 0.4579822016278874, 0.391479583096187
6.13375186920166,6.175622940063477,6.403822898864746,6.269772052764893,3.584132194519043,3.4634852409362793,4.183897972106934,4.731495380401611,3.2341980934143066,3.911576271057129,2.878427505493164,3.532073497772217,4.081528186798096,3.379960060119629,4.20262336730957,4.198915958404541,4.383442401885986,4.8168158531188965,4.73074197769165,4.495639801025391
