{'Max_spout': 1000.0, 'Spliters': 2, 'Counters': 15}, {'Max_spout': 1000000.0, 'Spliters': 2, 'Counters': 9}, {'Max_spout': 1000000.0, 'Spliters': 2, 'Counters': 9}, {'Max_spout': 1000000.0, 'Spliters': 2, 'Counters': 9}, {'Max_spout': 1000.0, 'Spliters': 2, 'Counters': 15}, {'Max_spout': 1000.0, 'Spliters': 2, 'Counters': 15}, {'Max_spout': 1000000.0, 'Spliters': 2, 'Counters': 9}, {'Max_spout': 100.0, 'Spliters': 2, 'Counters': 18}, {'Max_spout': 1000000.0, 'Spliters': 2, 'Counters': 9}, {'Max_spout': 1000.0, 'Spliters': 2, 'Counters': 15}, {'Max_spout': 1000.0, 'Spliters': 2, 'Counters': 18}, {'Max_spout': 1000.0, 'Spliters': 2, 'Counters': 18}, {'Max_spout': 1000000.0, 'Spliters': 2, 'Counters': 9}, {'Max_spout': 10000.0, 'Spliters': 2, 'Counters': 9}, {'Max_spout': 1000.0, 'Spliters': 1, 'Counters': 12}, {'Max_spout': 1000.0, 'Spliters': 2, 'Counters': 15}, {'Max_spout': 1000000.0, 'Spliters': 6, 'Counters': 15}, {'Max_spout': 10000.0, 'Spliters': 2, 'Counters': 9}, {'Max_spout': 1000.0, 'Spliters': 2, 'Counters': 15}, {'Max_spout': 1000.0, 'Spliters': 2, 'Counters': 12}
0.33404364197772773, 0.3961943038278054, 0.3961943038278054, 0.3961943038278054, 0.33404364197772773, 0.33404364197772773, 0.3961943038278054, 0.41809352356324125, 0.3961943038278054, 0.33404364197772773, 0.3513569799560069, 0.3513569799560069, 0.3961943038278054, 0.391479583096187, 0.4853618212673064, 0.33404364197772773, 0.45382663094968345, 0.391479583096187, 0.33404364197772773, 0.353038171607748
16.364271640777588,17.78386354446411,18.057608604431152,19.78261709213257,15.391480922698975,14.17107105255127,14.061570167541504,14.817628860473633,11.383452415466309,13.605954647064209,14.551730155944824,13.966705799102783,16.639599800109863,15.575125217437744,14.013054370880127,17.18297243118286,14.408743381500244,11.83497667312622,12.806293964385986,12.926239967346191
