{'Max_spout': 1000.0, 'Spliters': 2, 'Counters': 9}, {'Max_spout': 1000.0, 'Spliters': 2, 'Counters': 12}, {'Max_spout': 1000000.0, 'Spliters': 2, 'Counters': 9}, {'Max_spout': 1000000.0, 'Spliters': 2, 'Counters': 9}, {'Max_spout': 1000.0, 'Spliters': 2, 'Counters': 18}, {'Max_spout': 1000000.0, 'Spliters': 2, 'Counters': 9}, {'Max_spout': 1000.0, 'Spliters': 2, 'Counters': 15}, {'Max_spout': 1000000.0, 'Spliters': 6, 'Counters': 15}, {'Max_spout': 1000000.0, 'Spliters': 2, 'Counters': 9}, {'Max_spout': 1000.0, 'Spliters': 2, 'Counters': 15}, {'Max_spout': 1000.0, 'Spliters': 2, 'Counters': 18}, {'Max_spout': 1000.0, 'Spliters': 2, 'Counters': 18}, {'Max_spout': 100.0, 'Spliters': 2, 'Counters': 12}, {'Max_spout': 1000.0, 'Spliters': 2, 'Counters': 6}, {'Max_spout': 1000.0, 'Spliters': 1, 'Counters': 12}, {'Max_spout': 1000.0, 'Spliters': 2, 'Counters': 15}, {'Max_spout': 1000000.0, 'Spliters': 6, 'Counters': 6}, {'Max_spout': 1000000.0, 'Spliters': 6, 'Counters': 9}, {'Max_spout': 1000.0, 'Spliters': 2, 'Counters': 6}, {'Max_spout': 10000.0, 'Spliters': 2, 'Counters': 9}
0.40781820730939655, 0.353038171607748, 0.3961943038278054, 0.3961943038278054, 0.3513569799560069, 0.3961943038278054, 0.33404364197772773, 0.45382663094968345, 0.3961943038278054, 0.33404364197772773, 0.3513569799560069, 0.3513569799560069, 0.44564373939940793, 0.41431724775011136, 0.4853618212673064, 0.33404364197772773, 0.4701804099594522, 0.45474848674620594, 0.41431724775011136, 0.391479583096187
8.20171594619751,8.38022232055664,8.476841449737549,9.908463954925537,6.553516387939453,6.897611618041992,8.54987621307373,8.313524723052979,8.00440788269043,8.775761127471924,10.958518981933594,8.276631832122803,7.274963855743408,6.8776726722717285,6.777896881103516,9.451439380645752,8.995888233184814,7.838635444641113,8.103406429290771,6.8303704261779785
