{'Max_spout': 1000000.0, 'Spliters': 2, 'Counters': 9}, {'Max_spout': 1000.0, 'Spliters': 2, 'Counters': 15}, {'Max_spout': 10000.0, 'Spliters': 2, 'Counters': 9}, {'Max_spout': 1000.0, 'Spliters': 2, 'Counters': 15}, {'Max_spout': 1000.0, 'Spliters': 2, 'Counters': 15}, {'Max_spout': 1000.0, 'Spliters': 2, 'Counters': 15}, {'Max_spout': 10000.0, 'Spliters': 2, 'Counters': 12}, {'Max_spout': 100.0, 'Spliters': 2, 'Counters': 18}, {'Max_spout': 1000.0, 'Spliters': 2, 'Counters': 12}, {'Max_spout': 1000.0, 'Spliters': 2, 'Counters': 15}, {'Max_spout': 1000.0, 'Spliters': 2, 'Counters': 18}, {'Max_spout': 1000.0, 'Spliters': 2, 'Counters': 15}, {'Max_spout': 10000.0, 'Spliters': 2, 'Counters': 12}, {'Max_spout': 1000.0, 'Spliters': 2, 'Counters': 15}, {'Max_spout': 10000.0, 'Spliters': 2, 'Counters': 12}, {'Max_spout': 1000.0, 'Spliters': 2, 'Counters': 15}, {'Max_spout': 1000000.0, 'Spliters': 6, 'Counters': 15}, {'Max_spout': 1000.0, 'Spliters': 2, 'Counters': 15}, {'Max_spout': 1000.0, 'Spliters': 2, 'Counters': 15}, {'Max_spout': 1000.0, 'Spliters': 2, 'Counters': 15}
0.3961943038278054, 0.33404364197772773, 0.391479583096187, 0.33404364197772773, 0.33404364197772773, 0.33404364197772773, 0.3777081854880393, 0.41809352356324125, 0.353038171607748, 0.33404364197772773, 0.3513569799560069, 0.33404364197772773, 0.3777081854880393, 0.33404364197772773, 0.3777081854880393, 0.33404364197772773, 0.45382663094968345, 0.33404364197772773, 0.33404364197772773, 0.33404364197772773
24.798603057861328,25.14761209487915,27.825076580047607,28.155441284179688,24.456136226654053,26.009130477905273,26.2753963470459,26.22147798538208,28.21711540222168,33.11560392379761,31.750097274780273,33.2053017616272,29.15741205215454,26.623380184173584,26.707749366760254,25.73632001876831,26.041338443756104,24.636669158935547,25.208659172058105,25.113587379455566
