{'Width': 3, 'Complexity': 0, 'Fifo': 1, 'Multiplier': 2}, {'Width': 3, 'Complexity': 0, 'Fifo': 4, 'Multiplier': 1}, {'Width': 4, 'Complexity': 0, 'Fifo': 3, 'Multiplier': 2}, {'Width': 4, 'Complexity': 1, 'Fifo': 4, 'Multiplier': 1}, {'Width': 4, 'Complexity': 1, 'Fifo': 3, 'Multiplier': 1}, {'Width': 3, 'Complexity': 1, 'Fifo': 1, 'Multiplier': 2}, {'Width': 3, 'Complexity': 1, 'Fifo': 4, 'Multiplier': 1}, {'Width': 3, 'Complexity': 0, 'Fifo': 3, 'Multiplier': 1}, {'Width': 4, 'Complexity': 0, 'Fifo': 1, 'Multiplier': 1}, {'Width': 3, 'Complexity': 0, 'Fifo': 3, 'Multiplier': 1}, {'Width': 3, 'Complexity': 0, 'Fifo': 1, 'Multiplier': 1}, {'Width': 4, 'Complexity': 0, 'Fifo': 1, 'Multiplier': 1}, {'Width': 5, 'Complexity': 0, 'Fifo': 3, 'Multiplier': 1}, {'Width': 5, 'Complexity': 1, 'Fifo': 4, 'Multiplier': 1}, {'Width': 3, 'Complexity': 0, 'Fifo': 2, 'Multiplier': 1}, {'Width': 4, 'Complexity': 1, 'Fifo': 2, 'Multiplier': 1}, {'Width': 4, 'Complexity': 0, 'Fifo': 4, 'Multiplier': 1}, {'Width': 3, 'Complexity': 0, 'Fifo': 3, 'Multiplier': 1}, {'Width': 3, 'Complexity': 0, 'Fifo': 3, 'Multiplier': 2}, {'Width': 3, 'Complexity': 1, 'Fifo': 2, 'Multiplier': 1}
0.41975353518343883, 0.22587868316250503, 0.5408570998371044, 0.3877806214317866, 0.3877806214317866, 0.4475718587069908, 0.3139305450653319, 0.22587868316250503, 0.3777953346322278, 0.22587868316250503, 0.22581417455021324, 0.3777953346322278, 0.4613695020025905, 0.44772479049532365, 0.22587868316250503, 0.3877806214317866, 0.377903417660034, 0.22587868316250503, 0.419850993356651, 0.3139305450653319
6.760921478271484,6.839199066162109,7.49974250793457,7.470052242279053,6.651444435119629,6.676623821258545,6.681623458862305,7.368357181549072,7.011511325836182,6.518361568450928,6.208088397979736,8.059687614440918,6.079297065734863,6.3689374923706055,6.31838321685791,7.103023529052734,6.725170612335205,7.307026386260986,7.658936977386475,7.968168258666992
