{'Width': 3, 'Complexity': 0, 'Fifo': 4, 'Multiplier': 1}, {'Width': 3, 'Complexity': 0, 'Fifo': 1, 'Multiplier': 2}, {'Width': 4, 'Complexity': 1, 'Fifo': 4, 'Multiplier': 1}, {'Width': 4, 'Complexity': 0, 'Fifo': 3, 'Multiplier': 1}, {'Width': 3, 'Complexity': 0, 'Fifo': 1, 'Multiplier': 2}, {'Width': 3, 'Complexity': 1, 'Fifo': 4, 'Multiplier': 1}, {'Width': 4, 'Complexity': 0, 'Fifo': 4, 'Multiplier': 1}, {'Width': 3, 'Complexity': 0, 'Fifo': 3, 'Multiplier': 1}, {'Width': 3, 'Complexity': 0, 'Fifo': 3, 'Multiplier': 1}, {'Width': 3, 'Complexity': 0, 'Fifo': 2, 'Multiplier': 1}, {'Width': 4, 'Complexity': 0, 'Fifo': 1, 'Multiplier': 1}, {'Width': 3, 'Complexity': 0, 'Fifo': 1, 'Multiplier': 1}, {'Width': 5, 'Complexity': 1, 'Fifo': 4, 'Multiplier': 1}, {'Width': 5, 'Complexity': 0, 'Fifo': 1, 'Multiplier': 1}, {'Width': 3, 'Complexity': 0, 'Fifo': 2, 'Multiplier': 1}, {'Width': 4, 'Complexity': 1, 'Fifo': 2, 'Multiplier': 1}, {'Width': 3, 'Complexity': 0, 'Fifo': 3, 'Multiplier': 1}, {'Width': 4, 'Complexity': 0, 'Fifo': 4, 'Multiplier': 1}, {'Width': 3, 'Complexity': 0, 'Fifo': 3, 'Multiplier': 2}, {'Width': 3, 'Complexity': 0, 'Fifo': 1, 'Multiplier': 1}
0.22587868316250503, 0.41975353518343883, 0.3877806214317866, 0.3779034501993668, 0.41975353518343883, 0.3139305450653319, 0.377903417660034, 0.22587868316250503, 0.22587868316250503, 0.22587868316250503, 0.3777953346322278, 0.22581417455021324, 0.44772479049532365, 0.46135536441445457, 0.22587868316250503, 0.3877806214317866, 0.22587868316250503, 0.377903417660034, 0.419850993356651, 0.22581417455021324
10.430994033813477,10.800611972808838,11.287763118743896,12.572083473205566,9.74241018295288,9.617433547973633,10.957257747650146,10.339157581329346,9.258084297180176,10.485568046569824,11.208693981170654,9.458396434783936,10.269756317138672,10.651795864105225,10.45384168624878,11.475389003753662,8.119964599609375,7.775232791900635,8.18455457687378,8.30594778060913
