{'Width': 3, 'Complexity': 0, 'Fifo': 4, 'Multiplier': 1}, {'Width': 3, 'Complexity': 1, 'Fifo': 4, 'Multiplier': 1}, {'Width': 4, 'Complexity': 1, 'Fifo': 1, 'Multiplier': 1}, {'Width': 3, 'Complexity': 0, 'Fifo': 2, 'Multiplier': 1}, {'Width': 3, 'Complexity': 0, 'Fifo': 2, 'Multiplier': 1}, {'Width': 3, 'Complexity': 0, 'Fifo': 2, 'Multiplier': 1}, {'Width': 3, 'Complexity': 0, 'Fifo': 1, 'Multiplier': 2}, {'Width': 3, 'Complexity': 0, 'Fifo': 2, 'Multiplier': 1}, {'Width': 3, 'Complexity': 0, 'Fifo': 4, 'Multiplier': 1}, {'Width': 3, 'Complexity': 0, 'Fifo': 2, 'Multiplier': 1}, {'Width': 3, 'Complexity': 0, 'Fifo': 1, 'Multiplier': 1}, {'Width': 3, 'Complexity': 0, 'Fifo': 1, 'Multiplier': 1}, {'Width': 5, 'Complexity': 1, 'Fifo': 4, 'Multiplier': 1}, {'Width': 3, 'Complexity': 0, 'Fifo': 3, 'Multiplier': 1}, {'Width': 3, 'Complexity': 0, 'Fifo': 1, 'Multiplier': 1}, {'Width': 3, 'Complexity': 1, 'Fifo': 1, 'Multiplier': 1}, {'Width': 3, 'Complexity': 0, 'Fifo': 3, 'Multiplier': 1}, {'Width': 4, 'Complexity': 0, 'Fifo': 1, 'Multiplier': 1}, {'Width': 3, 'Complexity': 1, 'Fifo': 1, 'Multiplier': 1}, {'Width': 3, 'Complexity': 0, 'Fifo': 1, 'Multiplier': 1}
0.22587868316250503, 0.3139305450653319, 0.3796361104778351, 0.22587868316250503, 0.22587868316250503, 0.22587868316250503, 0.41975353518343883, 0.22587868316250503, 0.22587868316250503, 0.22587868316250503, 0.22581417455021324, 0.22581417455021324, 0.44772479049532365, 0.22587868316250503, 0.22581417455021324, 0.31315494505176633, 0.22587868316250503, 0.3777953346322278, 0.31315494505176633, 0.22581417455021324
14.1371488571167,15.148842334747314,15.418510437011719,18.307735919952393,20.598106384277344,19.54397201538086,20.00523328781128,20.04007577896118,14.654603004455566,16.01086139678955,17.08808422088623,13.891417980194092,15.182311534881592,16.416373252868652,16.15090847015381,18.35242986679077,14.13489818572998,14.097275733947754,14.14036512374878,13.929624557495117
