{'Width': 3, 'Complexity': 1, 'Fifo': 2, 'Multiplier': 2}, {'Width': 3, 'Complexity': 0, 'Fifo': 3, 'Multiplier': 2}, {'Width': 5, 'Complexity': 0, 'Fifo': 4, 'Multiplier': 5}, {'Width': 4, 'Complexity': 0, 'Fifo': 3, 'Multiplier': 2}, {'Width': 3, 'Complexity': 0, 'Fifo': 2, 'Multiplier': 2}, {'Width': 3, 'Complexity': 1, 'Fifo': 1, 'Multiplier': 2}, {'Width': 5, 'Complexity': 0, 'Fifo': 2, 'Multiplier': 5}, {'Width': 3, 'Complexity': 1, 'Fifo': 4, 'Multiplier': 1}, {'Width': 5, 'Complexity': 1, 'Fifo': 3, 'Multiplier': 1}, {'Width': 3, 'Complexity': 0, 'Fifo': 4, 'Multiplier': 2}, {'Width': 3, 'Complexity': 0, 'Fifo': 1, 'Multiplier': 1}, {'Width': 6, 'Complexity': 1, 'Fifo': 2, 'Multiplier': 2}, {'Width': 6, 'Complexity': 1, 'Fifo': 3, 'Multiplier': 2}, {'Width': 5, 'Complexity': 0, 'Fifo': 3, 'Multiplier': 1}, {'Width': 3, 'Complexity': 0, 'Fifo': 2, 'Multiplier': 5}, {'Width': 4, 'Complexity': 1, 'Fifo': 2, 'Multiplier': 1}, {'Width': 3, 'Complexity': 1, 'Fifo': 3, 'Multiplier': 1}, {'Width': 5, 'Complexity': 1, 'Fifo': 1, 'Multiplier': 1}, {'Width': 3, 'Complexity': 0, 'Fifo': 3, 'Multiplier': 2}, {'Width': 5, 'Complexity': 0, 'Fifo': 4, 'Multiplier': 2}
0.45467580971289023, 0.419850993356651, 0.6720839720119343, 0.5408570998371044, 0.419850993356651, 0.4475718587069908, 0.6720839720119343, 0.3139305450653319, 0.44772479049532365, 0.419850993356651, 0.22581417455021324, 0.6011336985066399, 0.6011336985066399, 0.4613695020025905, 0.6107140280978589, 0.3877806214317866, 0.3139305450653319, 0.44576155393974004, 0.419850993356651, 0.5845933317204779
4.5062994956970215,4.609737396240234,4.7830963134765625,5.275669097900391,3.1288933753967285,3.2358479499816895,2.764906883239746,3.5648655891418457,4.116461277008057,4.495937824249268,4.275145530700684,5.07953405380249,2.7092647552490234,3.0542397499084473,2.7007198333740234,4.270989894866943,2.9142212867736816,2.868986129760742,3.7162137031555176,2.362532615661621
