{'Width': 3, 'Complexity': 0, 'Fifo': 4, 'Multiplier': 1}, {'Width': 3, 'Complexity': 0, 'Fifo': 1, 'Multiplier': 2}, {'Width': 4, 'Complexity': 0, 'Fifo': 3, 'Multiplier': 2}, {'Width': 4, 'Complexity': 1, 'Fifo': 4, 'Multiplier': 1}, {'Width': 4, 'Complexity': 1, 'Fifo': 3, 'Multiplier': 1}, {'Width': 3, 'Complexity': 1, 'Fifo': 1, 'Multiplier': 2}, {'Width': 3, 'Complexity': 1, 'Fifo': 4, 'Multiplier': 1}, {'Width': 4, 'Complexity': 0, 'Fifo': 3, 'Multiplier': 1}, {'Width': 3, 'Complexity': 0, 'Fifo': 4, 'Multiplier': 2}, {'Width': 5, 'Complexity': 1, 'Fifo': 3, 'Multiplier': 1}, {'Width': 3, 'Complexity': 0, 'Fifo': 1, 'Multiplier': 1}, {'Width': 4, 'Complexity': 0, 'Fifo': 3, 'Multiplier': 1}, {'Width': 6, 'Complexity': 1, 'Fifo': 3, 'Multiplier': 2}, {'Width': 5, 'Complexity': 0, 'Fifo': 3, 'Multiplier': 1}, {'Width': 5, 'Complexity': 1, 'Fifo': 3, 'Multiplier': 1}, {'Width': 4, 'Complexity': 1, 'Fifo': 2, 'Multiplier': 1}, {'Width': 3, 'Complexity': 1, 'Fifo': 3, 'Multiplier': 1}, {'Width': 5, 'Complexity': 1, 'Fifo': 1, 'Multiplier': 1}, {'Width': 3, 'Complexity': 0, 'Fifo': 3, 'Multiplier': 2}, {'Width': 3, 'Complexity': 0, 'Fifo': 1, 'Multiplier': 2}
0.22587868316250503, 0.41975353518343883, 0.5408570998371044, 0.3877806214317866, 0.3877806214317866, 0.4475718587069908, 0.3139305450653319, 0.3779034501993668, 0.419850993356651, 0.44772479049532365, 0.22581417455021324, 0.3779034501993668, 0.6011336985066399, 0.4613695020025905, 0.44772479049532365, 0.3877806214317866, 0.3139305450653319, 0.44576155393974004, 0.419850993356651, 0.41975353518343883
6.472489833831787,7.002601623535156,7.229363918304443,7.192940711975098,5.33125638961792,4.92711067199707,5.342550277709961,5.482933521270752,5.212442874908447,4.995973110198975,5.238890647888184,6.907498836517334,5.15247106552124,5.858404636383057,4.898793697357178,6.460716724395752,3.754279613494873,3.486926555633545,4.280452728271484,4.360148906707764
