{'Spout': 2, 'Split': 6, 'Count': 9, 'Buffer_size': 5240000.0, 'Heap': 2048}, {'Spout': 1, 'Split': 2, 'Count': 2, 'Buffer_size': 105000000.0, 'Heap': 2048}, {'Spout': 1, 'Split': 2, 'Count': 12, 'Buffer_size': 1050000.0, 'Heap': 1024}, {'Spout': 3, 'Split': 3, 'Count': 12, 'Buffer_size': 5240000.0, 'Heap': 2048}, {'Spout': 1, 'Split': 2, 'Count': 12, 'Buffer_size': 1050000.0, 'Heap': 512}, {'Spout': 2, 'Split': 3, 'Count': 9, 'Buffer_size': 1050000.0, 'Heap': 512}, {'Spout': 1, 'Split': 2, 'Count': 9, 'Buffer_size': 1050000.0, 'Heap': 2048}, {'Spout': 1, 'Split': 3, 'Count': 6, 'Buffer_size': 262000.0, 'Heap': 512}, {'Spout': 2, 'Split': 3, 'Count': 9, 'Buffer_size': 1050000.0, 'Heap': 1024}, {'Spout': 1, 'Split': 2, 'Count': 3, 'Buffer_size': 1050000.0, 'Heap': 1024}, {'Spout': 3, 'Split': 6, 'Count': 9, 'Buffer_size': 262000.0, 'Heap': 2048}, {'Spout': 1, 'Split': 1, 'Count': 9, 'Buffer_size': 1050000.0, 'Heap': 1024}, {'Spout': 1, 'Split': 3, 'Count': 6, 'Buffer_size': 5240000.0, 'Heap': 1024}, {'Spout': 1, 'Split': 3, 'Count': 6, 'Buffer_size': 5240000.0, 'Heap': 2048}, {'Spout': 1, 'Split': 1, 'Count': 9, 'Buffer_size': 5240000.0, 'Heap': 512}, {'Spout': 3, 'Split': 2, 'Count': 12, 'Buffer_size': 105000000.0, 'Heap': 1024}, {'Spout': 1, 'Split': 3, 'Count': 9, 'Buffer_size': 262000.0, 'Heap': 1024}, {'Spout': 2, 'Split': 1, 'Count': 6, 'Buffer_size': 1050000.0, 'Heap': 512}, {'Spout': 1, 'Split': 6, 'Count': 12, 'Buffer_size': 5240000.0, 'Heap': 512}, {'Spout': 1, 'Split': 2, 'Count': 12, 'Buffer_size': 1050000.0, 'Heap': 1024}
0.29692067271073896, 0.3569864838279413, 0.047120164470837334, 0.26771398341839747, 0.004885495408456952, 0.31694835917604214, 0.05435202399594352, 0.2899390260340351, 0.28488163503517283, 0.24233234452708063, 0.29140585799812646, 0.2113440160617417, 0.2970458791060846, 0.29982360868264757, 0.22665140953962792, 0.3273717964904501, 0.2930933004425753, 0.3726957419284045, 0.2721619030753475, 0.047120164470837334
4.720523357391357,4.833343029022217,5.430974960327148,5.958609580993652,3.579897880554199,4.217953681945801,4.597594738006592,4.980490207672119,4.9391913414001465,4.429690837860107,4.836859703063965,5.735101699829102,4.625685214996338,5.513625144958496,5.485742092132568,5.474565029144287,4.513111114501953,5.507500171661377,4.184844493865967,3.405895233154297
