{'Spout': 2, 'Split': 6, 'Count': 9, 'Buffer_size': 5240000.0, 'Heap': 2048}, {'Spout': 1, 'Split': 2, 'Count': 12, 'Buffer_size': 1050000.0, 'Heap': 1024}, {'Spout': 1, 'Split': 1, 'Count': 9, 'Buffer_size': 105000000.0, 'Heap': 2048}, {'Spout': 1, 'Split': 2, 'Count': 6, 'Buffer_size': 1050000.0, 'Heap': 512}, {'Spout': 1, 'Split': 2, 'Count': 12, 'Buffer_size': 1050000.0, 'Heap': 512}, {'Spout': 1, 'Split': 2, 'Count': 9, 'Buffer_size': 1050000.0, 'Heap': 2048}, {'Spout': 1, 'Split': 6, 'Count': 6, 'Buffer_size': 262000.0, 'Heap': 2048}, {'Spout': 1, 'Split': 2, 'Count': 12, 'Buffer_size': 5240000.0, 'Heap': 512}, {'Spout': 2, 'Split': 3, 'Count': 9, 'Buffer_size': 1050000.0, 'Heap': 1024}, {'Spout': 1, 'Split': 2, 'Count': 3, 'Buffer_size': 1050000.0, 'Heap': 1024}, {'Spout': 3, 'Split': 6, 'Count': 9, 'Buffer_size': 262000.0, 'Heap': 2048}, {'Spout': 1, 'Split': 1, 'Count': 9, 'Buffer_size': 1050000.0, 'Heap': 1024}, {'Spout': 1, 'Split': 2, 'Count': 12, 'Buffer_size': 105000000.0, 'Heap': 1024}, {'Spout': 1, 'Split': 2, 'Count': 6, 'Buffer_size': 105000000.0, 'Heap': 1024}, {'Spout': 1, 'Split': 1, 'Count': 9, 'Buffer_size': 5240000.0, 'Heap': 512}, {'Spout': 2, 'Split': 1, 'Count': 12, 'Buffer_size': 105000000.0, 'Heap': 2048}, {'Spout': 1, 'Split': 3, 'Count': 9, 'Buffer_size': 262000.0, 'Heap': 1024}, {'Spout': 2, 'Split': 1, 'Count': 6, 'Buffer_size': 1050000.0, 'Heap': 512}, {'Spout': 1, 'Split': 6, 'Count': 12, 'Buffer_size': 5240000.0, 'Heap': 512}, {'Spout': 1, 'Split': 2, 'Count': 12, 'Buffer_size': 1050000.0, 'Heap': 1024}
0.29692067271073896, 0.047120164470837334, 0.22794914915357722, 0.10409365761343325, 0.004885495408456952, 0.05435202399594352, 0.2807167545101371, 0.0, 0.28488163503517283, 0.24233234452708063, 0.29140585799812646, 0.2113440160617417, 0.0063027704413145536, 0.11920803234423072, 0.22665140953962792, 0.29011364746220725, 0.2930933004425753, 0.3726957419284045, 0.2721619030753475, 0.047120164470837334
6.925218105316162,7.144365310668945,7.732124328613281,7.667136192321777,4.69132661819458,5.567984580993652,6.651678085327148,6.269745826721191,6.339859962463379,5.8969831466674805,6.38742208480835,6.374654769897461,6.6072869300842285,6.469683647155762,6.592926979064941,7.3247504234313965,6.060304641723633,7.6743316650390625,7.146337032318115,6.783382892608643
