{'Spout': 3, 'Split': 3, 'Count': 12, 'Buffer_size': 5240000.0, 'Heap': 2048}, {'Spout': 1, 'Split': 2, 'Count': 12, 'Buffer_size': 1050000.0, 'Heap': 2048}, {'Spout': 1, 'Split': 2, 'Count': 9, 'Buffer_size': 1050000.0, 'Heap': 2048}, {'Spout': 1, 'Split': 2, 'Count': 12, 'Buffer_size': 1050000.0, 'Heap': 512}, {'Spout': 1, 'Split': 2, 'Count': 12, 'Buffer_size': 1050000.0, 'Heap': 512}, {'Spout': 1, 'Split': 6, 'Count': 6, 'Buffer_size': 262000.0, 'Heap': 2048}, {'Spout': 1, 'Split': 2, 'Count': 9, 'Buffer_size': 1050000.0, 'Heap': 2048}, {'Spout': 1, 'Split': 2, 'Count': 12, 'Buffer_size': 5240000.0, 'Heap': 512}, {'Spout': 2, 'Split': 3, 'Count': 9, 'Buffer_size': 1050000.0, 'Heap': 1024}, {'Spout': 1, 'Split': 2, 'Count': 3, 'Buffer_size': 1050000.0, 'Heap': 1024}, {'Spout': 1, 'Split': 6, 'Count': 12, 'Buffer_size': 105000000.0, 'Heap': 512}, {'Spout': 1, 'Split': 1, 'Count': 9, 'Buffer_size': 1050000.0, 'Heap': 1024}, {'Spout': 1, 'Split': 2, 'Count': 12, 'Buffer_size': 105000000.0, 'Heap': 1024}, {'Spout': 1, 'Split': 2, 'Count': 6, 'Buffer_size': 105000000.0, 'Heap': 1024}, {'Spout': 1, 'Split': 1, 'Count': 9, 'Buffer_size': 5240000.0, 'Heap': 512}, {'Spout': 2, 'Split': 1, 'Count': 12, 'Buffer_size': 105000000.0, 'Heap': 2048}, {'Spout': 2, 'Split': 3, 'Count': 12, 'Buffer_size': 1050000.0, 'Heap': 1024}, {'Spout': 2, 'Split': 2, 'Count': 9, 'Buffer_size': 5240000.0, 'Heap': 1024}, {'Spout': 1, 'Split': 6, 'Count': 12, 'Buffer_size': 5240000.0, 'Heap': 512}, {'Spout': 1, 'Split': 2, 'Count': 12, 'Buffer_size': 1050000.0, 'Heap': 1024}
0.26771398341839747, 0.026283935120529844, 0.05435202399594352, 0.004885495408456952, 0.004885495408456952, 0.2807167545101371, 0.05435202399594352, 0.0, 0.28488163503517283, 0.24233234452708063, 0.27607142198796786, 0.2113440160617417, 0.0063027704413145536, 0.11920803234423072, 0.22665140953962792, 0.29011364746220725, 0.2781401702368984, 0.33088020805209495, 0.2721619030753475, 0.047120164470837334
8.26211929321289,8.640539646148682,9.707677364349365,9.957690238952637,6.904921531677246,8.326873779296875,8.111953735351562,7.991924285888672,8.577766418457031,8.280646800994873,9.062004089355469,9.044482707977295,8.664729595184326,9.085493087768555,8.595845699310303,13.489418029785156,8.076214790344238,9.205434322357178,7.89233922958374,5.905313491821289
