{'Spout': 1, 'Split': 6, 'Count': 12, 'Buffer_size': 5240000.0, 'Heap': 2048}, {'Spout': 1, 'Split': 2, 'Count': 12, 'Buffer_size': 1050000.0, 'Heap': 2048}, {'Spout': 1, 'Split': 2, 'Count': 12, 'Buffer_size': 5240000.0, 'Heap': 512}, {'Spout': 1, 'Split': 2, 'Count': 9, 'Buffer_size': 105000000.0, 'Heap': 2048}, {'Spout': 1, 'Split': 2, 'Count': 12, 'Buffer_size': 1050000.0, 'Heap': 512}, {'Spout': 1, 'Split': 2, 'Count': 6, 'Buffer_size': 262000.0, 'Heap': 512}, {'Spout': 1, 'Split': 2, 'Count': 12, 'Buffer_size': 5240000.0, 'Heap': 512}, {'Spout': 1, 'Split': 2, 'Count': 12, 'Buffer_size': 1050000.0, 'Heap': 1024}, {'Spout': 1, 'Split': 1, 'Count': 9, 'Buffer_size': 5240000.0, 'Heap': 512}, {'Spout': 1, 'Split': 2, 'Count': 12, 'Buffer_size': 1050000.0, 'Heap': 1024}, {'Spout': 1, 'Split': 2, 'Count': 9, 'Buffer_size': 1050000.0, 'Heap': 1024}, {'Spout': 1, 'Split': 2, 'Count': 12, 'Buffer_size': 105000000.0, 'Heap': 512}, {'Spout': 1, 'Split': 2, 'Count': 12, 'Buffer_size': 105000000.0, 'Heap': 1024}, {'Spout': 1, 'Split': 2, 'Count': 12, 'Buffer_size': 105000000.0, 'Heap': 1024}, {'Spout': 1, 'Split': 2, 'Count': 12, 'Buffer_size': 5240000.0, 'Heap': 512}, {'Spout': 1, 'Split': 2, 'Count': 9, 'Buffer_size': 5240000.0, 'Heap': 512}, {'Spout': 1, 'Split': 2, 'Count': 6, 'Buffer_size': 105000000.0, 'Heap': 1024}, {'Spout': 1, 'Split': 3, 'Count': 6, 'Buffer_size': 262000.0, 'Heap': 1024}, {'Spout': 1, 'Split': 2, 'Count': 9, 'Buffer_size': 105000000.0, 'Heap': 512}, {'Spout': 1, 'Split': 2, 'Count': 12, 'Buffer_size': 262000.0, 'Heap': 1024}
0.2598418493794855, 0.026283935120529844, 0.0, 0.03571956165975776, 0.004885495408456952, 0.14032843334027245, 0.0, 0.047120164470837334, 0.22665140953962792, 0.047120164470837334, 0.05347830637952822, 0.016767980467558674, 0.0063027704413145536, 0.0063027704413145536, 0.0, 0.04063900334810655, 0.11920803234423072, 0.3037668109178624, 0.06291105584199863, 0.0021204068611183624
19.76767063140869,19.997456073760986,21.503193378448486,21.575827598571777,17.880330085754395,20.400547981262207,19.925177097320557,20.195295810699463,20.82381248474121,21.011052131652832,21.14440679550171,22.042546272277832,20.63420534133911,21.317899227142334,22.827494144439697,22.865822315216064,23.322906494140625,23.949921131134033,21.740398406982422,21.383278369903564
