{'Spout': 3, 'Split': 3, 'Count': 12, 'Buffer_size': 5240000.0, 'Heap': 2048}, {'Spout': 1, 'Split': 2, 'Count': 12, 'Buffer_size': 1050000.0, 'Heap': 2048}, {'Spout': 1, 'Split': 2, 'Count': 9, 'Buffer_size': 105000000.0, 'Heap': 1024}, {'Spout': 1, 'Split': 2, 'Count': 12, 'Buffer_size': 262000.0, 'Heap': 1024}, {'Spout': 1, 'Split': 6, 'Count': 6, 'Buffer_size': 262000.0, 'Heap': 2048}, {'Spout': 1, 'Split': 2, 'Count': 12, 'Buffer_size': 1050000.0, 'Heap': 512}, {'Spout': 1, 'Split': 2, 'Count': 12, 'Buffer_size': 1050000.0, 'Heap': 1024}, {'Spout': 1, 'Split': 2, 'Count': 12, 'Buffer_size': 5240000.0, 'Heap': 512}, {'Spout': 1, 'Split': 2, 'Count': 3, 'Buffer_size': 1050000.0, 'Heap': 1024}, {'Spout': 2, 'Split': 3, 'Count': 9, 'Buffer_size': 1050000.0, 'Heap': 1024}, {'Spout': 1, 'Split': 1, 'Count': 9, 'Buffer_size': 1050000.0, 'Heap': 1024}, {'Spout': 2, 'Split': 6, 'Count': 12, 'Buffer_size': 5240000.0, 'Heap': 2048}, {'Spout': 1, 'Split': 2, 'Count': 12, 'Buffer_size': 105000000.0, 'Heap': 1024}, {'Spout': 1, 'Split': 2, 'Count': 6, 'Buffer_size': 105000000.0, 'Heap': 1024}, {'Spout': 1, 'Split': 2, 'Count': 9, 'Buffer_size': 5240000.0, 'Heap': 2048}, {'Spout': 1, 'Split': 1, 'Count': 12, 'Buffer_size': 105000000.0, 'Heap': 512}, {'Spout': 2, 'Split': 3, 'Count': 12, 'Buffer_size': 1050000.0, 'Heap': 1024}, {'Spout': 1, 'Split': 3, 'Count': 6, 'Buffer_size': 262000.0, 'Heap': 1024}, {'Spout': 1, 'Split': 2, 'Count': 12, 'Buffer_size': 262000.0, 'Heap': 1024}, {'Spout': 1, 'Split': 2, 'Count': 9, 'Buffer_size': 105000000.0, 'Heap': 512}
0.26771398341839747, 0.026283935120529844, 0.03771305986217577, 0.0021204068611183624, 0.2807167545101371, 0.004885495408456952, 0.047120164470837334, 0.0, 0.24233234452708063, 0.28488163503517283, 0.2113440160617417, 0.2681682816795845, 0.0063027704413145536, 0.11920803234423072, 0.05966560746280991, 0.24685491658648395, 0.2781401702368984, 0.3037668109178624, 0.0021204068611183624, 0.06291105584199863
11.277613639831543,12.800674438476562,13.422861099243164,14.676251411437988,11.844005584716797,10.469679832458496,12.0377779006958,11.250057220458984,9.686453342437744,10.5934739112854,10.623817443847656,11.313056945800781,10.533082485198975,11.789906024932861,13.474006652832031,13.403315544128418,13.253934383392334,14.585127830505371,11.152100563049316,11.47669792175293
