{'Max_spout': 1.0, 'Spliters': 6, 'Counters': 15}, {'Max_spout': 1.0, 'Spliters': 1, 'Counters': 3}, {'Max_spout': 1.0, 'Spliters': 6, 'Counters': 9}, {'Max_spout': 1.0, 'Spliters': 3, 'Counters': 3}, {'Max_spout': 1.0, 'Spliters': 1, 'Counters': 15}, {'Max_spout': 10.0, 'Spliters': 1, 'Counters': 18}, {'Max_spout': 1.0, 'Spliters': 1, 'Counters': 12}, {'Max_spout': 1.0, 'Spliters': 2, 'Counters': 12}, {'Max_spout': 10.0, 'Spliters': 1, 'Counters': 12}, {'Max_spout': 1.0, 'Spliters': 6, 'Counters': 15}, {'Max_spout': 1.0, 'Spliters': 3, 'Counters': 6}, {'Max_spout': 1.0, 'Spliters': 3, 'Counters': 18}, {'Max_spout': 1.0, 'Spliters': 2, 'Counters': 15}, {'Max_spout': 10000.0, 'Spliters': 2, 'Counters': 1}, {'Max_spout': 1.0, 'Spliters': 2, 'Counters': 15}, {'Max_spout': 1000.0, 'Spliters': 1, 'Counters': 1}, {'Max_spout': 1.0, 'Spliters': 1, 'Counters': 12}, {'Max_spout': 1.0, 'Spliters': 2, 'Counters': 6}, {'Max_spout': 1.0, 'Spliters': 1, 'Counters': 12}, {'Max_spout': 10.0, 'Spliters': 1, 'Counters': 12}
0.010632925515204339, 0.003421972853229538, 0.012987642141793931, 0.019323650221819033, 0.002165341037543289, 0.1605523307877731, 0.0, 0.006037998432146252, 0.15745479208321955, 0.010632925515204339, 0.016110137319322426, 0.012992046225260068, 0.005399406329548717, 0.06821925289128083, 0.005399406329548717, 0.0777717099294466, 0.0, 0.007622000452152555, 0.0, 0.15745479208321955
5.590715408325195,5.653016567230225,6.9408345222473145,7.846496105194092,5.723991394042969,6.464416980743408,6.784243583679199,6.722896099090576,5.840106010437012,5.494863986968994,5.0429558753967285,7.286415100097656,5.266842842102051,5.632987022399902,5.897703170776367,5.663022994995117,4.439210891723633,5.465524196624756,5.6906867027282715,3.8061881065368652
