{'Max_spout': 1.0, 'Spliters': 6, 'Counters': 15}, {'Max_spout': 1.0, 'Spliters': 1, 'Counters': 9}, {'Max_spout': 1.0, 'Spliters': 6, 'Counters': 9}, {'Max_spout': 1.0, 'Spliters': 3, 'Counters': 18}, {'Max_spout': 1.0, 'Spliters': 1, 'Counters': 15}, {'Max_spout': 1.0, 'Spliters': 6, 'Counters': 12}, {'Max_spout': 1.0, 'Spliters': 1, 'Counters': 12}, {'Max_spout': 1.0, 'Spliters': 1, 'Counters': 1}, {'Max_spout': 10000.0, 'Spliters': 3, 'Counters': 1}, {'Max_spout': 1.0, 'Spliters': 6, 'Counters': 15}, {'Max_spout': 1.0, 'Spliters': 2, 'Counters': 9}, {'Max_spout': 1.0, 'Spliters': 3, 'Counters': 18}, {'Max_spout': 1.0, 'Spliters': 2, 'Counters': 15}, {'Max_spout': 1.0, 'Spliters': 3, 'Counters': 18}, {'Max_spout': 1.0, 'Spliters': 1, 'Counters': 6}, {'Max_spout': 1.0, 'Spliters': 3, 'Counters': 1}, {'Max_spout': 1.0, 'Spliters': 1, 'Counters': 12}, {'Max_spout': 1.0, 'Spliters': 2, 'Counters': 6}, {'Max_spout': 10.0, 'Spliters': 1, 'Counters': 12}, {'Max_spout': 1.0, 'Spliters': 1, 'Counters': 12}
0.010632925515204339, 0.0018937558904615903, 0.012987642141793931, 0.012992046225260068, 0.002165341037543289, 0.012412175235545053, 0.0, 0.004807791117257265, 0.07676904692697739, 0.010632925515204339, 0.007009832850352171, 0.012992046225260068, 0.005399406329548717, 0.012992046225260068, 0.003361783712524935, 0.016283364602325934, 0.0, 0.007622000452152555, 0.15745479208321955, 0.0
7.598617076873779,8.487396240234375,8.566482067108154,9.345355033874512,5.396909713745117,7.237367630004883,7.453255653381348,8.153245449066162,9.537580013275146,8.104815483093262,9.123232364654541,9.627892971038818,7.188355922698975,7.55523681640625,8.970797061920166,8.264734745025635,6.886649131774902,8.685915470123291,6.1936187744140625,7.655751705169678
