{'Max_spout': 1.0, 'Spliters': 1, 'Counters': 9}, {'Max_spout': 1.0, 'Spliters': 1, 'Counters': 15}, {'Max_spout': 1.0, 'Spliters': 1, 'Counters': 12}, {'Max_spout': 1.0, 'Spliters': 1, 'Counters': 12}, {'Max_spout': 1.0, 'Spliters': 1, 'Counters': 9}, {'Max_spout': 1.0, 'Spliters': 1, 'Counters': 12}, {'Max_spout': 1.0, 'Spliters': 2, 'Counters': 1}, {'Max_spout': 1.0, 'Spliters': 1, 'Counters': 12}, {'Max_spout': 1.0, 'Spliters': 2, 'Counters': 1}, {'Max_spout': 1.0, 'Spliters': 1, 'Counters': 9}, {'Max_spout': 1.0, 'Spliters': 1, 'Counters': 9}, {'Max_spout': 1.0, 'Spliters': 1, 'Counters': 15}, {'Max_spout': 1.0, 'Spliters': 1, 'Counters': 12}, {'Max_spout': 1.0, 'Spliters': 1, 'Counters': 12}, {'Max_spout': 1.0, 'Spliters': 1, 'Counters': 12}, {'Max_spout': 1.0, 'Spliters': 1, 'Counters': 12}, {'Max_spout': 1.0, 'Spliters': 1, 'Counters': 9}, {'Max_spout': 1.0, 'Spliters': 1, 'Counters': 12}, {'Max_spout': 1.0, 'Spliters': 1, 'Counters': 12}, {'Max_spout': 10.0, 'Spliters': 3, 'Counters': 1}
0.0018937558904615903, 0.002165341037543289, 0.0, 0.0, 0.0018937558904615903, 0.0, 0.003421972853229538, 0.0, 0.003421972853229538, 0.0018937558904615903, 0.0018937558904615903, 0.002165341037543289, 0.0, 0.0, 0.0, 0.0, 0.0018937558904615903, 0.0, 0.0, 0.0605502755488222
26.263535022735596,28.481979370117188,29.74191188812256,32.9822301864624,26.58829927444458,26.00163221359253,28.103206157684326,27.11031436920166,30.829641819000244,29.58350419998169,34.121270179748535,37.05901861190796,30.808002948760986,33.52454423904419,31.508123874664307,31.523408889770508,30.072197914123535,27.061607837677002,27.795720100402832,24.84455108642578
