{'Max_spout': 1.0, 'Spliters': 6, 'Counters': 15}, {'Max_spout': 1.0, 'Spliters': 1, 'Counters': 9}, {'Max_spout': 1.0, 'Spliters': 6, 'Counters': 9}, {'Max_spout': 1.0, 'Spliters': 2, 'Counters': 6}, {'Max_spout': 1.0, 'Spliters': 1, 'Counters': 15}, {'Max_spout': 1.0, 'Spliters': 1, 'Counters': 12}, {'Max_spout': 1.0, 'Spliters': 6, 'Counters': 12}, {'Max_spout': 1.0, 'Spliters': 1, 'Counters': 12}, {'Max_spout': 1.0, 'Spliters': 6, 'Counters': 15}, {'Max_spout': 1.0, 'Spliters': 6, 'Counters': 15}, {'Max_spout': 1.0, 'Spliters': 2, 'Counters': 12}, {'Max_spout': 1.0, 'Spliters': 2, 'Counters': 15}, {'Max_spout': 1.0, 'Spliters': 2, 'Counters': 15}, {'Max_spout': 1.0, 'Spliters': 6, 'Counters': 18}, {'Max_spout': 1.0, 'Spliters': 1, 'Counters': 6}, {'Max_spout': 1.0, 'Spliters': 1, 'Counters': 1}, {'Max_spout': 1.0, 'Spliters': 2, 'Counters': 6}, {'Max_spout': 1.0, 'Spliters': 1, 'Counters': 12}, {'Max_spout': 1.0, 'Spliters': 1, 'Counters': 12}, {'Max_spout': 10.0, 'Spliters': 1, 'Counters': 3}
0.010632925515204339, 0.0018937558904615903, 0.012987642141793931, 0.007622000452152555, 0.002165341037543289, 0.0, 0.012412175235545053, 0.0, 0.010632925515204339, 0.010632925515204339, 0.006037998432146252, 0.005399406329548717, 0.005399406329548717, 0.010017821857759901, 0.003361783712524935, 0.004807791117257265, 0.007622000452152555, 0.0, 0.0, 0.15225797359311555
7.735774517059326,8.658115863800049,8.675732612609863,10.88268756866455,6.5125346183776855,7.976186275482178,8.158953189849854,9.656102657318115,11.055171489715576,9.015650749206543,10.394096374511719,11.318359375,7.434365749359131,9.561426639556885,9.848895072937012,9.256651401519775,8.579537868499756,7.050778865814209,7.962486743927002,5.664362907409668
