{'Max_spout': 1.0, 'Spliters': 1, 'Counters': 9}, {'Max_spout': 1.0, 'Spliters': 1, 'Counters': 9}, {'Max_spout': 1.0, 'Spliters': 2, 'Counters': 15}, {'Max_spout': 1.0, 'Spliters': 1, 'Counters': 3}, {'Max_spout': 1.0, 'Spliters': 1, 'Counters': 9}, {'Max_spout': 1.0, 'Spliters': 1, 'Counters': 12}, {'Max_spout': 1.0, 'Spliters': 2, 'Counters': 3}, {'Max_spout': 1.0, 'Spliters': 1, 'Counters': 12}, {'Max_spout': 1.0, 'Spliters': 2, 'Counters': 18}, {'Max_spout': 1.0, 'Spliters': 6, 'Counters': 15}, {'Max_spout': 1.0, 'Spliters': 1, 'Counters': 3}, {'Max_spout': 1.0, 'Spliters': 1, 'Counters': 6}, {'Max_spout': 1.0, 'Spliters': 1, 'Counters': 15}, {'Max_spout': 1.0, 'Spliters': 1, 'Counters': 3}, {'Max_spout': 1.0, 'Spliters': 1, 'Counters': 6}, {'Max_spout': 1.0, 'Spliters': 1, 'Counters': 1}, {'Max_spout': 1.0, 'Spliters': 1, 'Counters': 12}, {'Max_spout': 1.0, 'Spliters': 2, 'Counters': 1}, {'Max_spout': 1.0, 'Spliters': 1, 'Counters': 12}, {'Max_spout': 10.0, 'Spliters': 2, 'Counters': 1}
0.0018937558904615903, 0.0018937558904615903, 0.005399406329548717, 0.003421972853229538, 0.0018937558904615903, 0.0, 0.006926155264494582, 0.0, 0.0048591720910294844, 0.010632925515204339, 0.003421972853229538, 0.003361783712524935, 0.002165341037543289, 0.003421972853229538, 0.003361783712524935, 0.004807791117257265, 0.0, 0.003421972853229538, 0.0, 0.06193168972938379
14.727003574371338,15.526468753814697,15.730164051055908,17.956151962280273,14.984040260314941,14.398622512817383,16.512460708618164,16.711177825927734,14.509518146514893,15.35149335861206,17.668569087982178,20.081632137298584,16.714041233062744,18.57949733734131,17.70355463027954,17.411322593688965,12.9274582862854,15.618150234222412,13.939743041992188,11.265697479248047
