{'Max_spout': 1.0, 'Spliters': 1, 'Counters': 3}, {'Max_spout': 1.0, 'Spliters': 6, 'Counters': 15}, {'Max_spout': 10.0, 'Spliters': 6, 'Counters': 1}, {'Max_spout': 1.0, 'Spliters': 3, 'Counters': 3}, {'Max_spout': 1.0, 'Spliters': 1, 'Counters': 15}, {'Max_spout': 10.0, 'Spliters': 1, 'Counters': 18}, {'Max_spout': 100.0, 'Spliters': 2, 'Counters': 1}, {'Max_spout': 100.0, 'Spliters': 6, 'Counters': 1}, {'Max_spout': 10.0, 'Spliters': 1, 'Counters': 15}, {'Max_spout': 10.0, 'Spliters': 1, 'Counters': 12}, {'Max_spout': 1.0, 'Spliters': 3, 'Counters': 6}, {'Max_spout': 1.0, 'Spliters': 3, 'Counters': 6}, {'Max_spout': 1.0, 'Spliters': 2, 'Counters': 15}, {'Max_spout': 10000.0, 'Spliters': 2, 'Counters': 1}, {'Max_spout': 1.0, 'Spliters': 2, 'Counters': 15}, {'Max_spout': 100.0, 'Spliters': 3, 'Counters': 1}, {'Max_spout': 1.0, 'Spliters': 1, 'Counters': 12}, {'Max_spout': 1.0, 'Spliters': 2, 'Counters': 6}, {'Max_spout': 1.0, 'Spliters': 6, 'Counters': 15}, {'Max_spout': 10.0, 'Spliters': 1, 'Counters': 12}
0.003421972853229538, 0.010632925515204339, 0.06447724997284143, 0.019323650221819033, 0.002165341037543289, 0.1605523307877731, 0.07679547142777454, 0.09089441063087023, 0.16080189551752389, 0.15745479208321955, 0.016110137319322426, 0.016110137319322426, 0.005399406329548717, 0.06821925289128083, 0.005399406329548717, 0.08235342476210605, 0.0, 0.007622000452152555, 0.010632925515204339, 0.15745479208321955
3.8355112075805664,3.9392733573913574,4.096813201904297,5.459377765655518,2.464327812194824,2.9177045822143555,3.1584620475769043,3.2622218132019043,3.6127758026123047,4.543759822845459,3.681001663208008,6.44282341003418,6.02581262588501,5.771815776824951,6.059074401855469,3.5075998306274414,3.059520721435547,4.250943660736084,4.858059883117676,4.014959335327148
