{'Max_spout': 1.0, 'Spliters': 1, 'Counters': 15}, {'Max_spout': 1.0, 'Spliters': 2, 'Counters': 1}, {'Max_spout': 1.0, 'Spliters': 6, 'Counters': 9}, {'Max_spout': 1.0, 'Spliters': 1, 'Counters': 3}, {'Max_spout': 1.0, 'Spliters': 1, 'Counters': 15}, {'Max_spout': 1.0, 'Spliters': 6, 'Counters': 12}, {'Max_spout': 1.0, 'Spliters': 1, 'Counters': 12}, {'Max_spout': 1.0, 'Spliters': 2, 'Counters': 6}, {'Max_spout': 1.0, 'Spliters': 2, 'Counters': 6}, {'Max_spout': 1.0, 'Spliters': 1, 'Counters': 15}, {'Max_spout': 1.0, 'Spliters': 1, 'Counters': 3}, {'Max_spout': 1.0, 'Spliters': 1, 'Counters': 15}, {'Max_spout': 1.0, 'Spliters': 1, 'Counters': 15}, {'Max_spout': 1.0, 'Spliters': 3, 'Counters': 18}, {'Max_spout': 1.0, 'Spliters': 2, 'Counters': 1}, {'Max_spout': 1.0, 'Spliters': 1, 'Counters': 9}, {'Max_spout': 1.0, 'Spliters': 1, 'Counters': 12}, {'Max_spout': 1.0, 'Spliters': 2, 'Counters': 3}, {'Max_spout': 1.0, 'Spliters': 1, 'Counters': 15}, {'Max_spout': 10.0, 'Spliters': 1, 'Counters': 3}
0.0, 0.0019045801973868182, 0.009792353897109196, 0.0019296845057882317, 0.0, 0.010963888289174828, 0.0008150532127657595, 0.002341395163571347, 0.002341395163571347, 0.0, 0.0019296845057882317, 0.0, 0.0, 0.010219127139933115, 0.0019045801973868182, 0.0012736252462314246, 0.0008150532127657595, 0.0038543481498961585, 0.0, 0.1457171213056918
15.074260234832764,15.129549503326416,15.446774959564209,16.53141975402832,13.968441486358643,15.002408027648926,14.836881160736084,16.780400276184082,14.005393981933594,14.668693542480469,18.033180236816406,15.90576171875,15.677764415740967,15.313410758972168,16.430821418762207,17.8243350982666,12.818512916564941,15.737085342407227,15.069599151611328,12.749524116516113
