{'Max_spout': 1.0, 'Spliters': 1, 'Counters': 15}, {'Max_spout': 1.0, 'Spliters': 1, 'Counters': 15}, {'Max_spout': 1.0, 'Spliters': 2, 'Counters': 1}, {'Max_spout': 1.0, 'Spliters': 1, 'Counters': 15}, {'Max_spout': 1.0, 'Spliters': 1, 'Counters': 15}, {'Max_spout': 1.0, 'Spliters': 1, 'Counters': 15}, {'Max_spout': 1.0, 'Spliters': 2, 'Counters': 6}, {'Max_spout': 1.0, 'Spliters': 1, 'Counters': 3}, {'Max_spout': 1.0, 'Spliters': 1, 'Counters': 12}, {'Max_spout': 1.0, 'Spliters': 1, 'Counters': 15}, {'Max_spout': 1.0, 'Spliters': 1, 'Counters': 15}, {'Max_spout': 1.0, 'Spliters': 1, 'Counters': 15}, {'Max_spout': 1.0, 'Spliters': 1, 'Counters': 15}, {'Max_spout': 1.0, 'Spliters': 2, 'Counters': 1}, {'Max_spout': 1.0, 'Spliters': 1, 'Counters': 9}, {'Max_spout': 1.0, 'Spliters': 1, 'Counters': 9}, {'Max_spout': 1.0, 'Spliters': 1, 'Counters': 12}, {'Max_spout': 1.0, 'Spliters': 1, 'Counters': 9}, {'Max_spout': 1.0, 'Spliters': 1, 'Counters': 15}, {'Max_spout': 10000.0, 'Spliters': 2, 'Counters': 1}
0.0, 0.0, 0.0019045801973868182, 0.0, 0.0, 0.0, 0.002341395163571347, 0.0019296845057882317, 0.0008150532127657595, 0.0, 0.0, 0.0, 0.0, 0.0019045801973868182, 0.0012736252462314246, 0.0012736252462314246, 0.0008150532127657595, 0.0012736252462314246, 0.0, 0.04904545051355047
27.956409454345703,27.972545623779297,28.206708431243896,30.016393661499023,25.99050521850586,27.697224617004395,29.408347606658936,29.93525505065918,28.23012351989746,26.686067581176758,28.336446285247803,26.077895164489746,30.894763469696045,31.580286026000977,32.146782875061035,32.6116156578064,26.01386785507202,29.00639057159424,27.272460460662842,27.545902729034424
