{'Max_spout': 1.0, 'Spliters': 6, 'Counters': 15}, {'Max_spout': 1.0, 'Spliters': 6, 'Counters': 9}, {'Max_spout': 1.0, 'Spliters': 1, 'Counters': 9}, {'Max_spout': 1.0, 'Spliters': 3, 'Counters': 3}, {'Max_spout': 1.0, 'Spliters': 1, 'Counters': 15}, {'Max_spout': 1.0, 'Spliters': 1, 'Counters': 12}, {'Max_spout': 1.0, 'Spliters': 6, 'Counters': 12}, {'Max_spout': 1.0, 'Spliters': 2, 'Counters': 12}, {'Max_spout': 1.0, 'Spliters': 2, 'Counters': 9}, {'Max_spout': 10.0, 'Spliters': 1, 'Counters': 1}, {'Max_spout': 1.0, 'Spliters': 1, 'Counters': 15}, {'Max_spout': 1.0, 'Spliters': 2, 'Counters': 15}, {'Max_spout': 1.0, 'Spliters': 2, 'Counters': 15}, {'Max_spout': 100.0, 'Spliters': 3, 'Counters': 1}, {'Max_spout': 1.0, 'Spliters': 3, 'Counters': 18}, {'Max_spout': 1.0, 'Spliters': 2, 'Counters': 1}, {'Max_spout': 1.0, 'Spliters': 1, 'Counters': 12}, {'Max_spout': 1.0, 'Spliters': 3, 'Counters': 6}, {'Max_spout': 1.0, 'Spliters': 1, 'Counters': 12}, {'Max_spout': 10.0, 'Spliters': 1, 'Counters': 12}
0.011025812249898292, 0.009792353897109196, 0.0012736252462314246, 0.012711148153912832, 0.0, 0.0008150532127657595, 0.010963888289174828, 0.004038446411506524, 0.003837611944295216, 0.05876918596769576, 0.0, 0.003507908693956674, 0.003507908693956674, 0.06495990841948296, 0.010219127139933115, 0.0019045801973868182, 0.0008150532127657595, 0.012763030391275798, 0.0008150532127657595, 0.15438647580697795
6.966726779937744,7.610297203063965,8.278944492340088,8.527626991271973,6.1280083656311035,8.219082355499268,8.906149864196777,8.899288177490234,7.0868611335754395,10.764741897583008,8.390746116638184,9.35032844543457,8.421454429626465,6.701371669769287,9.827489852905273,10.356099605560303,7.1424031257629395,8.498368263244629,8.852972984313965,9.204332828521729
