{'Max_spout': 1.0, 'Spliters': 1, 'Counters': 3}, {'Max_spout': 1.0, 'Spliters': 6, 'Counters': 15}, {'Max_spout': 1.0, 'Spliters': 6, 'Counters': 9}, {'Max_spout': 1.0, 'Spliters': 3, 'Counters': 3}, {'Max_spout': 1.0, 'Spliters': 1, 'Counters': 15}, {'Max_spout': 10.0, 'Spliters': 1, 'Counters': 18}, {'Max_spout': 1.0, 'Spliters': 1, 'Counters': 12}, {'Max_spout': 1.0, 'Spliters': 2, 'Counters': 12}, {'Max_spout': 1.0, 'Spliters': 6, 'Counters': 15}, {'Max_spout': 1.0, 'Spliters': 2, 'Counters': 9}, {'Max_spout': 100.0, 'Spliters': 3, 'Counters': 1}, {'Max_spout': 1.0, 'Spliters': 2, 'Counters': 15}, {'Max_spout': 1.0, 'Spliters': 2, 'Counters': 15}, {'Max_spout': 10000.0, 'Spliters': 2, 'Counters': 1}, {'Max_spout': 1.0, 'Spliters': 2, 'Counters': 15}, {'Max_spout': 100.0, 'Spliters': 3, 'Counters': 1}, {'Max_spout': 1.0, 'Spliters': 1, 'Counters': 12}, {'Max_spout': 1.0, 'Spliters': 3, 'Counters': 6}, {'Max_spout': 1.0, 'Spliters': 1, 'Counters': 12}, {'Max_spout': 10.0, 'Spliters': 1, 'Counters': 12}
0.0019296845057882317, 0.011025812249898292, 0.009792353897109196, 0.012711148153912832, 0.0, 0.16124832010336276, 0.0008150532127657595, 0.004038446411506524, 0.011025812249898292, 0.003837611944295216, 0.06495990841948296, 0.003507908693956674, 0.003507908693956674, 0.04904545051355047, 0.003507908693956674, 0.06495990841948296, 0.0008150532127657595, 0.012763030391275798, 0.0008150532127657595, 0.15438647580697795
6.152739524841309,6.283905506134033,6.8311309814453125,8.447139263153076,4.417848587036133,4.806830883026123,5.594055652618408,6.786231994628906,6.391968727111816,5.248689651489258,7.33928918838501,6.192383766174316,5.888097286224365,6.163971424102783,7.40908145904541,6.9527459144592285,5.679659843444824,7.375550270080566,7.03510046005249,4.874110221862793
