{'Max_spout': 1.0, 'Spliters': 1, 'Counters': 3}, {'Max_spout': 10.0, 'Spliters': 6, 'Counters': 1}, {'Max_spout': 1.0, 'Spliters': 6, 'Counters': 15}, {'Max_spout': 1.0, 'Spliters': 3, 'Counters': 3}, {'Max_spout': 1.0, 'Spliters': 1, 'Counters': 15}, {'Max_spout': 10.0, 'Spliters': 1, 'Counters': 18}, {'Max_spout': 100.0, 'Spliters': 2, 'Counters': 1}, {'Max_spout': 10.0, 'Spliters': 6, 'Counters': 1}, {'Max_spout': 10.0, 'Spliters': 1, 'Counters': 12}, {'Max_spout': 10.0, 'Spliters': 1, 'Counters': 15}, {'Max_spout': 1.0, 'Spliters': 2, 'Counters': 9}, {'Max_spout': 10.0, 'Spliters': 2, 'Counters': 12}, {'Max_spout': 1.0, 'Spliters': 2, 'Counters': 15}, {'Max_spout': 10000.0, 'Spliters': 2, 'Counters': 1}, {'Max_spout': 100.0, 'Spliters': 3, 'Counters': 1}, {'Max_spout': 1.0, 'Spliters': 2, 'Counters': 15}, {'Max_spout': 1.0, 'Spliters': 1, 'Counters': 12}, {'Max_spout': 1.0, 'Spliters': 3, 'Counters': 6}, {'Max_spout': 1.0, 'Spliters': 6, 'Counters': 15}, {'Max_spout': 10.0, 'Spliters': 1, 'Counters': 12}
0.0019296845057882317, 0.060514772211873624, 0.011025812249898292, 0.012711148153912832, 0.0, 0.16124832010336276, 0.06182354348986707, 0.060514772211873624, 0.15438647580697795, 0.15170868291082784, 0.003837611944295216, 0.25492086285181603, 0.003507908693956674, 0.04904545051355047, 0.06495990841948296, 0.003507908693956674, 0.0008150532127657595, 0.012763030391275798, 0.011025812249898292, 0.15438647580697795
4.534018039703369,4.528341293334961,4.662809371948242,5.480637550354004,2.5686144828796387,3.325507640838623,3.82875919342041,4.421806335449219,4.814696311950684,4.174025058746338,4.19325590133667,4.2052507400512695,5.937299728393555,5.7479047775268555,4.295306205749512,7.604568004608154,4.202027320861816,5.881803035736084,5.789039134979248,5.004575252532959
