{'Max_spout': 1.0, 'Spliters': 6, 'Counters': 15}, {'Max_spout': 1.0, 'Spliters': 6, 'Counters': 9}, {'Max_spout': 1.0, 'Spliters': 3, 'Counters': 3}, {'Max_spout': 1.0, 'Spliters': 1, 'Counters': 15}, {'Max_spout': 1.0, 'Spliters': 1, 'Counters': 15}, {'Max_spout': 1.0, 'Spliters': 6, 'Counters': 12}, {'Max_spout': 1.0, 'Spliters': 1, 'Counters': 12}, {'Max_spout': 1.0, 'Spliters': 2, 'Counters': 12}, {'Max_spout': 1.0, 'Spliters': 1, 'Counters': 3}, {'Max_spout': 1.0, 'Spliters': 2, 'Counters': 6}, {'Max_spout': 1.0, 'Spliters': 1, 'Counters': 15}, {'Max_spout': 1.0, 'Spliters': 2, 'Counters': 6}, {'Max_spout': 1.0, 'Spliters': 2, 'Counters': 15}, {'Max_spout': 1.0, 'Spliters': 3, 'Counters': 18}, {'Max_spout': 100.0, 'Spliters': 2, 'Counters': 1}, {'Max_spout': 1.0, 'Spliters': 2, 'Counters': 1}, {'Max_spout': 1.0, 'Spliters': 3, 'Counters': 6}, {'Max_spout': 1.0, 'Spliters': 1, 'Counters': 12}, {'Max_spout': 10.0, 'Spliters': 1, 'Counters': 12}, {'Max_spout': 1.0, 'Spliters': 1, 'Counters': 12}
0.011025812249898292, 0.009792353897109196, 0.012711148153912832, 0.0, 0.0, 0.010963888289174828, 0.0008150532127657595, 0.004038446411506524, 0.0019296845057882317, 0.002341395163571347, 0.0, 0.002341395163571347, 0.003507908693956674, 0.010219127139933115, 0.06182354348986707, 0.0019045801973868182, 0.012763030391275798, 0.0008150532127657595, 0.15438647580697795, 0.0008150532127657595
8.522262573242188,9.442009925842285,10.343430042266846,10.565001964569092,7.012538909912109,10.335981845855713,9.551270008087158,10.18514633178711,10.963578224182129,7.6749372482299805,7.771461009979248,8.375556468963623,7.945098876953125,9.963164329528809,9.129676818847656,10.788891315460205,8.91977310180664,6.901059150695801,8.064258098602295,8.454291820526123
