{'Max_spout': 1.0, 'Spliters': 1, 'Counters': 6}, {'Max_spout': 1.0, 'Spliters': 1, 'Counters': 15}, {'Max_spout': 1.0, 'Spliters': 1, 'Counters': 15}, {'Max_spout': 1.0, 'Spliters': 2, 'Counters': 3}, {'Max_spout': 1.0, 'Spliters': 1, 'Counters': 18}, {'Max_spout': 1.0, 'Spliters': 1, 'Counters': 12}, {'Max_spout': 1.0, 'Spliters': 3, 'Counters': 3}, {'Max_spout': 1.0, 'Spliters': 1, 'Counters': 3}, {'Max_spout': 1.0, 'Spliters': 3, 'Counters': 18}, {'Max_spout': 1.0, 'Spliters': 1, 'Counters': 12}, {'Max_spout': 1.0, 'Spliters': 1, 'Counters': 18}, {'Max_spout': 1.0, 'Spliters': 1, 'Counters': 6}, {'Max_spout': 1.0, 'Spliters': 1, 'Counters': 6}, {'Max_spout': 1.0, 'Spliters': 1, 'Counters': 6}, {'Max_spout': 1.0, 'Spliters': 2, 'Counters': 3}, {'Max_spout': 1.0, 'Spliters': 2, 'Counters': 15}, {'Max_spout': 1.0, 'Spliters': 3, 'Counters': 6}, {'Max_spout': 1.0, 'Spliters': 1, 'Counters': 12}, {'Max_spout': 1.0, 'Spliters': 1, 'Counters': 12}, {'Max_spout': 1.0, 'Spliters': 1, 'Counters': 3}
0.0020255808389428864, 0.0037165286103190143, 0.0037165286103190143, 0.0061333229871901596, 0.0, 0.0008018260942662669, 0.017691904789617685, 0.003166889755378377, 0.015921744359735368, 0.0008018260942662669, 0.0, 0.0020255808389428864, 0.0020255808389428864, 0.0020255808389428864, 0.0061333229871901596, 0.005286232516634626, 0.014104702968696481, 0.0008018260942662669, 0.0008018260942662669, 0.003166889755378377
16.95106267929077,17.06162929534912,17.727668285369873,17.965900897979736,13.698844909667969,15.012996196746826,15.272111892700195,16.55280351638794,16.827752590179443,17.307050228118896,16.406431198120117,18.264849185943604,16.08347177505493,16.102962493896484,16.18722677230835,18.26810598373413,13.845551013946533,11.900990009307861,13.685548305511475,14.436790943145752
