{'Max_spout': 1.0, 'Spliters': 2, 'Counters': 3}, {'Max_spout': 1.0, 'Spliters': 6, 'Counters': 9}, {'Max_spout': 1.0, 'Spliters': 1, 'Counters': 9}, {'Max_spout': 1.0, 'Spliters': 3, 'Counters': 3}, {'Max_spout': 1.0, 'Spliters': 1, 'Counters': 18}, {'Max_spout': 1.0, 'Spliters': 6, 'Counters': 12}, {'Max_spout': 10.0, 'Spliters': 2, 'Counters': 1}, {'Max_spout': 1.0, 'Spliters': 2, 'Counters': 12}, {'Max_spout': 10.0, 'Spliters': 1, 'Counters': 3}, {'Max_spout': 1.0, 'Spliters': 1, 'Counters': 12}, {'Max_spout': 1.0, 'Spliters': 1, 'Counters': 18}, {'Max_spout': 1.0, 'Spliters': 2, 'Counters': 9}, {'Max_spout': 1.0, 'Spliters': 2, 'Counters': 15}, {'Max_spout': 100.0, 'Spliters': 3, 'Counters': 1}, {'Max_spout': 1.0, 'Spliters': 6, 'Counters': 18}, {'Max_spout': 1.0, 'Spliters': 1, 'Counters': 6}, {'Max_spout': 1.0, 'Spliters': 1, 'Counters': 12}, {'Max_spout': 1.0, 'Spliters': 3, 'Counters': 6}, {'Max_spout': 1.0, 'Spliters': 1, 'Counters': 12}, {'Max_spout': 10.0, 'Spliters': 1, 'Counters': 3}
0.0061333229871901596, 0.01499705781554117, 0.003115159039619231, 0.017691904789617685, 0.0, 0.014659191578239472, 0.04917651166850956, 0.005236118385743005, 0.14117312330662735, 0.0008018260942662669, 0.0, 0.006553635052732987, 0.005286232516634626, 0.07276086830006401, 0.011702457855632509, 0.0020255808389428864, 0.0008018260942662669, 0.014104702968696481, 0.0008018260942662669, 0.14117312330662735
8.414905071258545,8.303289413452148,8.683357238769531,9.355759620666504,7.488956451416016,7.819855213165283,8.612086772918701,9.150965213775635,8.435816764831543,9.419474601745605,8.597381114959717,9.933464527130127,9.047558307647705,7.477977275848389,9.872524738311768,9.607853889465332,7.486765384674072,9.300141334533691,10.320031642913818,9.958362579345703
