{'Max_spout': 1.0, 'Spliters': 6, 'Counters': 15}, {'Max_spout': 1.0, 'Spliters': 1, 'Counters': 3}, {'Max_spout': 1.0, 'Spliters': 6, 'Counters': 9}, {'Max_spout': 1.0, 'Spliters': 3, 'Counters': 3}, {'Max_spout': 1.0, 'Spliters': 1, 'Counters': 15}, {'Max_spout': 10.0, 'Spliters': 1, 'Counters': 18}, {'Max_spout': 100.0, 'Spliters': 2, 'Counters': 1}, {'Max_spout': 1.0, 'Spliters': 2, 'Counters': 12}, {'Max_spout': 10.0, 'Spliters': 1, 'Counters': 3}, {'Max_spout': 1.0, 'Spliters': 6, 'Counters': 15}, {'Max_spout': 1.0, 'Spliters': 3, 'Counters': 6}, {'Max_spout': 1.0, 'Spliters': 1, 'Counters': 18}, {'Max_spout': 1.0, 'Spliters': 2, 'Counters': 15}, {'Max_spout': 10000.0, 'Spliters': 2, 'Counters': 1}, {'Max_spout': 1.0, 'Spliters': 2, 'Counters': 15}, {'Max_spout': 100.0, 'Spliters': 3, 'Counters': 1}, {'Max_spout': 1.0, 'Spliters': 1, 'Counters': 12}, {'Max_spout': 1.0, 'Spliters': 3, 'Counters': 6}, {'Max_spout': 1.0, 'Spliters': 1, 'Counters': 12}, {'Max_spout': 10.0, 'Spliters': 1, 'Counters': 12}
0.011018642456691707, 0.003166889755378377, 0.01499705781554117, 0.017691904789617685, 0.0037165286103190143, 0.18006815521801256, 0.07730185519279387, 0.005236118385743005, 0.14117312330662735, 0.011018642456691707, 0.014104702968696481, 0.0, 0.005286232516634626, 0.056051847109869546, 0.005286232516634626, 0.07276086830006401, 0.0008018260942662669, 0.014104702968696481, 0.0008018260942662669, 0.18444910020886274
5.7918500900268555,5.858278274536133,6.508145332336426,7.177629470825195,3.910222053527832,5.134918689727783,4.875223636627197,6.752336025238037,6.184039115905762,5.588631629943848,6.118154525756836,5.6607794761657715,6.000726222991943,5.946321487426758,6.323456764221191,5.172867774963379,4.402556419372559,5.717601776123047,6.89387321472168,6.141924858093262
