{'Max_spout': 1.0, 'Spliters': 1, 'Counters': 12}, {'Max_spout': 1.0, 'Spliters': 1, 'Counters': 12}, {'Max_spout': 1.0, 'Spliters': 1, 'Counters': 12}, {'Max_spout': 1.0, 'Spliters': 1, 'Counters': 9}, {'Max_spout': 1.0, 'Spliters': 1, 'Counters': 18}, {'Max_spout': 1.0, 'Spliters': 1, 'Counters': 12}, {'Max_spout': 1.0, 'Spliters': 1, 'Counters': 9}, {'Max_spout': 1.0, 'Spliters': 1, 'Counters': 12}, {'Max_spout': 1.0, 'Spliters': 1, 'Counters': 6}, {'Max_spout': 1.0, 'Spliters': 1, 'Counters': 18}, {'Max_spout': 1.0, 'Spliters': 1, 'Counters': 18}, {'Max_spout': 1.0, 'Spliters': 1, 'Counters': 6}, {'Max_spout': 1.0, 'Spliters': 1, 'Counters': 12}, {'Max_spout': 1.0, 'Spliters': 1, 'Counters': 6}, {'Max_spout': 1.0, 'Spliters': 1, 'Counters': 6}, {'Max_spout': 1.0, 'Spliters': 1, 'Counters': 3}, {'Max_spout': 1.0, 'Spliters': 1, 'Counters': 18}, {'Max_spout': 1.0, 'Spliters': 1, 'Counters': 18}, {'Max_spout': 1.0, 'Spliters': 1, 'Counters': 18}, {'Max_spout': 1.0, 'Spliters': 1, 'Counters': 9}
0.0008018260942662669, 0.0008018260942662669, 0.0008018260942662669, 0.003115159039619231, 0.0, 0.0008018260942662669, 0.003115159039619231, 0.0008018260942662669, 0.0020255808389428864, 0.0, 0.0, 0.0020255808389428864, 0.0008018260942662669, 0.0020255808389428864, 0.0020255808389428864, 0.003166889755378377, 0.0, 0.0, 0.0, 0.003115159039619231
29.623618125915527,31.66560411453247,31.945812702178955,33.283069133758545,24.945452213287354,28.062105178833008,30.111727714538574,28.850524425506592,32.03739881515503,25.9104323387146,30.070621967315674,28.626341819763184,27.926573753356934,27.073206901550293,29.46758270263672,29.94248390197754,25.867371559143066,28.980600833892822,28.72450351715088,27.302188873291016
