{'Max_spout': 1.0, 'Spliters': 6, 'Counters': 15}, {'Max_spout': 1.0, 'Spliters': 1, 'Counters': 3}, {'Max_spout': 10.0, 'Spliters': 6, 'Counters': 1}, {'Max_spout': 1.0, 'Spliters': 3, 'Counters': 3}, {'Max_spout': 1.0, 'Spliters': 1, 'Counters': 15}, {'Max_spout': 10.0, 'Spliters': 1, 'Counters': 18}, {'Max_spout': 100.0, 'Spliters': 2, 'Counters': 1}, {'Max_spout': 10.0, 'Spliters': 6, 'Counters': 1}, {'Max_spout': 10.0, 'Spliters': 1, 'Counters': 15}, {'Max_spout': 10.0, 'Spliters': 1, 'Counters': 12}, {'Max_spout': 10.0, 'Spliters': 6, 'Counters': 3}, {'Max_spout': 1.0, 'Spliters': 3, 'Counters': 6}, {'Max_spout': 10000.0, 'Spliters': 2, 'Counters': 1}, {'Max_spout': 1.0, 'Spliters': 2, 'Counters': 15}, {'Max_spout': 100.0, 'Spliters': 3, 'Counters': 1}, {'Max_spout': 1.0, 'Spliters': 2, 'Counters': 15}, {'Max_spout': 1.0, 'Spliters': 1, 'Counters': 12}, {'Max_spout': 1.0, 'Spliters': 3, 'Counters': 6}, {'Max_spout': 1.0, 'Spliters': 6, 'Counters': 15}, {'Max_spout': 10.0, 'Spliters': 1, 'Counters': 12}
0.011018642456691707, 0.003166889755378377, 0.057550421282016484, 0.017691904789617685, 0.0037165286103190143, 0.18006815521801256, 0.07730185519279387, 0.057550421282016484, 0.19487607260405948, 0.18444910020886274, 0.198416393463824, 0.014104702968696481, 0.056051847109869546, 0.005286232516634626, 0.07276086830006401, 0.005286232516634626, 0.0008018260942662669, 0.014104702968696481, 0.011018642456691707, 0.18444910020886274
4.970972537994385,5.020020008087158,5.451235771179199,6.145448684692383,3.0306077003479004,3.506295680999756,3.814218044281006,4.154200553894043,4.4568610191345215,5.654406547546387,5.594010353088379,6.7458295822143555,5.276181697845459,5.977964401245117,3.9713597297668457,5.283100605010986,2.9529643058776855,4.233918190002441,4.566247463226318,4.211530685424805
