{'Max_spout': 1.0, 'Spliters': 6, 'Counters': 9}, {'Max_spout': 1.0, 'Spliters': 1, 'Counters': 9}, {'Max_spout': 1.0, 'Spliters': 2, 'Counters': 3}, {'Max_spout': 1.0, 'Spliters': 3, 'Counters': 3}, {'Max_spout': 1.0, 'Spliters': 1, 'Counters': 15}, {'Max_spout': 1.0, 'Spliters': 6, 'Counters': 12}, {'Max_spout': 100.0, 'Spliters': 3, 'Counters': 1}, {'Max_spout': 1.0, 'Spliters': 2, 'Counters': 12}, {'Max_spout': 10.0, 'Spliters': 1, 'Counters': 3}, {'Max_spout': 1.0, 'Spliters': 3, 'Counters': 9}, {'Max_spout': 1.0, 'Spliters': 1, 'Counters': 15}, {'Max_spout': 1.0, 'Spliters': 1, 'Counters': 18}, {'Max_spout': 1.0, 'Spliters': 2, 'Counters': 15}, {'Max_spout': 100.0, 'Spliters': 3, 'Counters': 1}, {'Max_spout': 1.0, 'Spliters': 3, 'Counters': 18}, {'Max_spout': 1.0, 'Spliters': 1, 'Counters': 6}, {'Max_spout': 1.0, 'Spliters': 1, 'Counters': 12}, {'Max_spout': 1.0, 'Spliters': 3, 'Counters': 6}, {'Max_spout': 1.0, 'Spliters': 1, 'Counters': 12}, {'Max_spout': 10.0, 'Spliters': 1, 'Counters': 3}
0.01499705781554117, 0.003115159039619231, 0.0061333229871901596, 0.017691904789617685, 0.0037165286103190143, 0.014659191578239472, 0.07276086830006401, 0.005236118385743005, 0.14117312330662735, 0.013299643704695163, 0.0037165286103190143, 0.0, 0.005286232516634626, 0.07276086830006401, 0.015921744359735368, 0.0020255808389428864, 0.0008018260942662669, 0.014104702968696481, 0.0008018260942662669, 0.14117312330662735
7.013697624206543,7.422611713409424,7.546789646148682,7.821803092956543,5.4219889640808105,6.523640155792236,6.628978252410889,7.508528232574463,6.923863887786865,8.07692289352417,8.69861364364624,7.7307868003845215,6.861519813537598,6.37988805770874,8.251874446868896,8.693158626556396,5.0853681564331055,8.204889297485352,6.587026119232178,6.245114803314209
